"Date","USD/ZAR","GBP/ZAR","EUR/ZAR"
2018-01-01,12.310454,16.640806,14.7787
2018-01-02,12.390942,16.744291,14.884
2018-01-03,12.434303,16.90656,14.9995
2018-01-04,12.360366,16.70207,14.8448
2018-01-05,12.292153,16.663372,14.8354
2018-01-06,12.292153,16.663372,14.8354
2018-01-07,12.292153,16.663372,14.8354
2018-01-08,12.290853,16.686781,14.7945
2018-01-09,12.382874,16.805329,14.8223
2018-01-10,12.340934,16.698616,14.7215
2018-01-11,12.430077,16.796338,14.8614
2018-01-12,12.377761,16.762596,14.9053
2018-01-13,12.377761,16.762596,14.9053
2018-01-14,12.377761,16.762596,14.9053
2018-01-15,12.36893,16.986033,15.0802
2018-01-16,12.298093,16.969182,15.0873
2018-01-17,12.253606,16.90813,15.0364
2018-01-18,12.305811,17.016684,14.9934
2018-01-19,12.125276,16.847621,14.8377
2018-01-20,12.125276,16.847621,14.8377
2018-01-21,12.125276,16.847621,14.8377
2018-01-22,12.078982,16.780775,14.804
2018-01-23,12.052954,16.853508,14.7721
2018-01-24,12.023964,16.850524,14.8015
2018-01-25,11.884109,16.898784,14.7256
2018-01-26,11.914784,16.860569,14.7648
2018-01-27,11.914784,16.860569,14.7648
2018-01-28,11.914784,16.860569,14.7648
2018-01-29,11.860798,16.783104,14.7406
2018-01-30,11.946693,16.815825,14.7912
2018-01-31,11.966398,16.940794,14.8503
2018-02-01,11.847975,16.829464,14.714
2018-02-02,11.842606,16.896784,14.8151
2018-02-03,11.842606,16.896784,14.8151
2018-02-04,11.842606,16.896784,14.8151
2018-02-05,12.05672,17.014739,15.007
2018-02-06,12.110365,16.88815,14.9781
2018-02-07,11.939262,16.665163,14.782
2018-02-08,12.057385,16.734925,14.792
2018-02-09,12.143137,16.922823,14.8887
2018-02-10,12.143137,16.922823,14.8887
2018-02-11,12.143137,16.922823,14.8887
2018-02-12,12.019505,16.618709,14.7275
2018-02-13,11.901577,16.488796,14.6437
2018-02-14,11.957585,16.603799,14.7724
2018-02-15,11.71581,16.420573,14.6061
2018-02-16,11.616603,16.38511,14.5254
2018-02-17,11.616603,16.38511,14.5254
2018-02-18,11.616603,16.38511,14.5254
2018-02-19,11.618595,16.304127,14.421
2018-02-20,11.671022,16.331001,14.4709
2018-02-21,11.724929,16.416232,14.4627
2018-02-22,11.672122,16.23706,14.3357
2018-02-23,11.660664,16.271338,14.3741
2018-02-24,11.660664,16.271338,14.3741
2018-02-25,11.660664,16.271338,14.3741
2018-02-26,11.565557,16.155753,14.2106
2018-02-27,11.565037,16.154588,14.2435
2018-02-28,11.709403,16.284512,14.3206
2018-03-01,11.788697,16.215277,14.3716
2018-03-02,11.855757,16.333446,14.5482
2018-03-03,11.855757,16.333446,14.5482
2018-03-04,11.855757,16.333446,14.5482
2018-03-05,11.915388,16.435708,14.6738
2018-03-06,11.826376,16.382439,14.5902
2018-03-07,11.842393,16.462942,14.7047
2018-03-08,11.835602,16.460065,14.6939
2018-03-09,11.90672,16.43886,14.6536
2018-03-10,11.90672,16.43886,14.6536
2018-03-11,11.90672,16.43886,14.6536
2018-03-12,11.808758,16.361324,14.5354
2018-03-13,11.819773,16.440036,14.5856
2018-03-14,11.785587,16.465276,14.6047
2018-03-15,11.771089,16.447894,14.5679
2018-03-16,11.894305,16.584391,14.6407
2018-03-17,11.894305,16.584391,14.6407
2018-03-18,11.894305,16.584391,14.6407
2018-03-19,11.975083,16.698762,14.7066
2018-03-20,12.018076,16.856185,14.8267
2018-03-21,11.952008,16.743197,14.6436
2018-03-22,11.820133,16.718786,14.5955
2018-03-23,11.8714,16.756184,14.6315
2018-03-24,11.8714,16.756184,14.6315
2018-03-25,11.8714,16.756184,14.6315
2018-03-26,11.70293,16.557261,14.4578
2018-03-27,11.63667,16.568522,14.4958
2018-03-28,11.645229,16.509826,14.4494
2018-03-29,11.769131,16.572638,14.4878
2018-03-30,11.828091,16.594937,14.5521
2018-03-31,11.828091,16.594937,14.5521
2018-04-01,11.828091,16.594937,14.5521
2018-04-02,11.833442,16.613499,14.5717
2018-04-03,11.851704,16.648726,14.5693
2018-04-04,11.826207,16.639624,14.5214
2018-04-05,11.870839,16.724802,14.5857
2018-04-06,11.987431,16.79474,14.687
2018-04-07,11.987431,16.79474,14.687
2018-04-08,11.987431,16.79474,14.687
2018-04-09,12.025344,16.945682,14.7563
2018-04-10,12.088297,17.08753,14.8952
2018-04-11,12.035024,17.068831,14.8789
2018-04-12,11.953362,16.959518,14.7887
2018-04-13,12.051419,17.158661,14.8594
2018-04-14,12.051419,17.158661,14.8594
2018-04-15,12.051419,17.158661,14.8594
2018-04-16,12.077435,17.209821,14.8951
2018-04-17,12.045135,17.276086,14.9179
2018-04-18,11.980684,17.129304,14.8237
2018-04-19,11.922692,16.935284,14.7591
2018-04-20,11.967196,16.858398,14.7747
2018-04-21,11.967196,16.858398,14.7747
2018-04-22,11.967196,16.858398,14.7747
2018-04-23,12.091909,16.933364,14.8404
2018-04-24,12.335572,17.194314,15.0605
2018-04-25,12.322278,17.252316,15.0837
2018-04-26,12.44093,17.342075,15.1431
2018-04-27,12.384393,17.240487,14.9975
2018-04-28,12.384393,17.240487,14.9975
2018-04-29,12.384393,17.240487,14.9975
2018-04-30,12.327972,16.981252,14.9452
2018-05-01,12.441106,17.134177,15.0301
2018-05-02,12.668195,17.241743,15.1917
2018-05-03,12.699272,17.238642,15.1769
2018-05-04,12.597965,17.099174,15.1037
2018-05-05,12.597965,17.099174,15.1037
2018-05-06,12.597965,17.099174,15.1037
2018-05-07,12.510749,16.930722,14.9566
2018-05-08,12.529412,17.001251,14.9526
2018-05-09,12.577267,17.047396,14.9267
2018-05-10,12.553051,17.003887,14.8716
2018-05-11,12.303574,16.642152,14.6634
2018-05-12,12.303574,16.642152,14.6634
2018-05-13,12.303574,16.642152,14.6634
2018-05-14,12.251255,16.603583,14.6427
2018-05-15,12.325874,16.717063,14.706
2018-05-16,12.569664,16.969621,14.8586
2018-05-17,12.423035,16.833276,14.6803
2018-05-18,12.602204,17.034495,14.8643
2018-05-19,12.602204,17.034495,14.8643
2018-05-20,12.602204,17.034495,14.8643
2018-05-21,12.760602,17.201741,15.0154
2018-05-22,12.666554,17.015721,14.9364
2018-05-23,12.56417,16.891208,14.8119
2018-05-24,12.453459,16.651062,14.583
2018-05-25,12.423185,16.625228,14.5637
2018-05-26,12.423185,16.625228,14.5637
2018-05-27,12.423185,16.625228,14.5637
2018-05-28,12.479168,16.609998,14.5869
2018-05-29,12.451449,16.577694,14.4773
2018-05-30,12.685588,16.815508,14.6379
2018-05-31,12.525756,16.642524,14.6138
2018-06-01,12.698794,16.877358,14.8487
2018-06-02,12.698794,16.877358,14.8487
2018-06-03,12.698794,16.877358,14.8487
2018-06-04,12.677779,16.93418,14.7937
2018-06-05,12.566105,16.735261,14.7036
2018-06-06,12.746461,17.091481,14.9465
2018-06-07,12.707619,17.062201,14.9772
2018-06-08,12.972531,17.409375,15.3011
2018-06-09,12.972531,17.409375,15.3011
2018-06-10,12.972531,17.409375,15.3011
2018-06-11,13.06373,17.523392,15.3943
2018-06-12,13.156107,17.594275,15.49
2018-06-13,13.303371,17.79235,15.6288
2018-06-14,13.302676,17.809297,15.7078
2018-06-15,13.446097,17.825903,15.5531
2018-06-16,13.446097,17.825903,15.5531
2018-06-17,13.446097,17.825903,15.5531
2018-06-18,13.41635,17.812686,15.5576
2018-06-19,13.655404,18.106019,15.8826
2018-06-20,13.73052,18.090382,15.9123
2018-06-21,13.655842,17.990784,15.8121
2018-06-22,13.582199,17.994863,15.7635
2018-06-23,13.582199,17.994863,15.7635
2018-06-24,13.582199,17.994863,15.7635
2018-06-25,13.404253,17.778321,15.6307
2018-06-26,13.513287,17.946664,15.8146
2018-06-27,13.521373,17.878107,15.7524
2018-06-28,13.858786,18.182777,16.0263
2018-06-29,13.775231,18.012326,15.9283
2018-06-30,13.775231,18.012326,15.9283
2018-07-01,13.775231,18.012326,15.9283
2018-07-02,13.713588,18.113662,16.0161
2018-07-03,13.83843,18.191847,16.1107
2018-07-04,13.672785,18.041082,15.9411
2018-07-05,13.679386,18.097448,15.9529
2018-07-06,13.531207,17.896754,15.8261
2018-07-07,13.531207,17.896754,15.8261
2018-07-08,13.531207,17.896754,15.8261
2018-07-09,13.455582,17.892057,15.813
2018-07-10,13.406481,17.772015,15.762
2018-07-11,13.368295,17.728147,15.677
2018-07-12,13.553909,17.905759,15.8269
2018-07-13,13.313989,17.548413,15.5321
2018-07-14,13.313989,17.548413,15.5321
2018-07-15,13.313989,17.548413,15.5321
2018-07-16,13.259354,17.539472,15.4856
2018-07-17,13.211376,17.487226,15.4692
2018-07-18,13.278898,17.402047,15.4739
2018-07-19,13.266615,17.352089,15.4503
2018-07-20,13.539168,17.633143,15.7799
2018-07-21,13.539168,17.633143,15.7799
2018-07-22,13.539168,17.633143,15.7799
2018-07-23,13.392437,17.60963,15.7254
2018-07-24,13.457585,17.634805,15.7373
2018-07-25,13.277597,17.465331,15.5162
2018-07-26,13.104021,17.298133,15.3815
2018-07-27,13.242635,17.361108,15.4184
2018-07-28,13.242635,17.361108,15.4184
2018-07-29,13.242635,17.361108,15.4184
2018-07-30,13.184648,17.288911,15.3733
2018-07-31,13.155121,17.278918,15.4007
2018-08-01,13.240719,17.369992,15.4784
2018-08-02,13.205469,17.338773,15.4055
2018-08-03,13.444329,17.503764,15.5766
2018-08-04,13.444329,17.503764,15.5766
2018-08-05,13.444329,17.503764,15.5766
2018-08-06,13.336793,17.343381,15.42
2018-08-07,13.43139,17.386045,15.524
2018-08-08,13.318194,17.242915,15.4531
2018-08-09,13.401085,17.260122,15.56
2018-08-10,13.693509,17.56696,15.7804
2018-08-11,13.693509,17.56696,15.7804
2018-08-12,13.693509,17.56696,15.7804
2018-08-13,14.231768,18.160246,16.2171
2018-08-14,14.406384,18.39185,16.4276
2018-08-15,14.271197,18.152578,16.1921
2018-08-16,14.599348,18.535534,16.5615
2018-08-17,14.719814,18.71411,16.7379
2018-08-18,14.719814,18.71411,16.7379
2018-08-19,14.719814,18.71411,16.7379
2018-08-20,14.753978,18.809184,16.8756
2018-08-21,14.511357,18.581458,16.675
2018-08-22,14.392157,18.577099,16.6618
2018-08-23,14.171774,18.286924,16.418
2018-08-24,14.392792,18.439068,16.6136
2018-08-25,14.392792,18.439068,16.6136
2018-08-26,14.392792,18.439068,16.6136
2018-08-27,14.244742,18.321409,16.5937
2018-08-28,14.158764,18.261508,16.5431
2018-08-29,14.201009,18.274518,16.6024
2018-08-30,14.339453,18.694611,16.7915
2018-08-31,14.697814,19.124373,17.145
2018-09-01,14.697814,19.124373,17.145
2018-09-02,14.697814,19.124373,17.145
2018-09-03,14.717352,19.02351,17.0736
2018-09-04,14.848214,19.109363,17.2462
2018-09-05,15.325106,19.706137,17.7572
2018-09-06,15.401289,19.890554,17.9194
2018-09-07,15.315491,19.795996,17.7966
2018-09-08,15.315491,19.795996,17.7966
2018-09-09,15.315491,19.795996,17.7966
2018-09-10,15.253265,19.727374,17.6343
2018-09-11,15.200069,19.804494,17.626
2018-09-12,15.070714,19.616119,17.476
2018-09-13,14.938086,19.492258,17.3715
2018-09-14,14.773435,19.368805,17.2731
2018-09-15,14.773435,19.368805,17.2731
2018-09-16,14.773435,19.368805,17.2731
2018-09-17,14.93929,19.537674,17.3729
2018-09-18,14.967178,19.681316,17.4652
2018-09-19,14.862757,19.573458,17.3597
2018-09-20,14.647537,19.249212,17.101
2018-09-21,14.307405,18.988392,16.8484
2018-09-22,14.307405,18.988392,16.8484
2018-09-23,14.307405,18.988392,16.8484
2018-09-24,14.345417,18.767869,16.8573
2018-09-25,14.361099,18.837723,16.8786
2018-09-26,14.335629,18.898353,16.863
2018-09-27,14.131075,18.614867,16.6026
2018-09-28,14.108705,18.447528,16.4183
2018-09-29,14.108705,18.447528,16.4183
2018-09-30,14.108705,18.447528,16.4183
2018-10-01,14.112452,18.401685,16.3775
2018-10-02,14.214027,18.541009,16.457
2018-10-03,14.353878,18.633105,16.5816
2018-10-04,14.638114,18.943054,16.7987
2018-10-05,14.841118,19.330544,17.094
2018-10-06,14.841118,19.330544,17.094
2018-10-07,14.841118,19.330544,17.094
2018-10-08,14.823136,19.46075,17.0807
2018-10-09,14.844267,19.435015,17.062
2018-10-10,14.559833,19.160567,16.754
2018-10-11,14.762768,19.496049,17.0259
2018-10-12,14.583693,19.301701,16.9025
2018-10-13,14.583693,19.301701,16.9025
2018-10-14,14.583693,19.301701,16.9025
2018-10-15,14.53095,19.041066,16.7847
2018-10-16,14.33152,18.853152,16.6002
2018-10-17,14.175292,18.694201,16.4079
2018-10-18,14.251804,18.672818,16.391
2018-10-19,14.426178,18.793225,16.5324
2018-10-20,14.426178,18.793225,16.5324
2018-10-21,14.426178,18.793225,16.5324
2018-10-22,14.413416,18.833333,16.5884
2018-10-23,14.316882,18.568876,16.4186
2018-10-24,14.219036,18.46045,16.3135
2018-10-25,14.556803,18.76009,16.5933
2018-10-26,14.6016,18.730214,16.6137
2018-10-27,14.6016,18.730214,16.6137
2018-10-28,14.6016,18.730214,16.6137
2018-10-29,14.558558,18.679986,16.5953
2018-10-30,14.694357,18.811951,16.7163
2018-10-31,14.60594,18.565875,16.5719
2018-11-01,14.766104,18.856691,16.7108
2018-11-02,14.413926,18.743528,16.4362
2018-11-03,14.413926,18.743528,16.4362
2018-11-04,14.413926,18.743528,16.4362
2018-11-05,14.266538,18.55643,16.261
2018-11-06,14.138789,18.471383,16.1366
2018-11-07,14.10438,18.49593,16.134
2018-11-08,13.924261,18.281089,15.921
2018-11-09,14.115412,18.444138,16.0464
2018-11-10,14.115412,18.444138,16.0464
2018-11-11,14.115412,18.444138,16.0464
2018-11-12,14.339073,18.554616,16.239
2018-11-13,14.435235,18.573998,16.2151
2018-11-14,14.428167,18.777701,16.3197
2018-11-15,14.356612,18.645465,16.2402
2018-11-16,14.193996,18.122548,16.0747
2018-11-17,14.193996,18.122548,16.0747
2018-11-18,14.193996,18.122548,16.0747
2018-11-19,13.975293,17.935012,15.9514
2018-11-20,14.014404,18.019419,16.0535
2018-11-21,14.102181,18.035313,16.037
2018-11-22,13.9366,17.808573,15.871
2018-11-23,13.745506,17.700734,15.674
2018-11-24,13.745506,17.700734,15.674
2018-11-25,13.745506,17.700734,15.674
2018-11-26,13.844491,17.741042,15.6955
2018-11-27,13.914409,17.830393,15.7692
2018-11-28,13.920701,17.742809,15.729
2018-11-29,13.776937,17.668359,15.663
2018-11-30,13.659264,17.463809,15.562
2018-12-01,13.659264,17.463809,15.562
2018-12-02,13.659264,17.463809,15.562
2018-12-03,13.723241,17.50045,15.5649
2018-12-04,13.6893,17.422327,15.5442
2018-12-05,13.82271,17.58338,15.6791
2018-12-06,13.83417,17.609242,15.7004
2018-12-07,14.043868,17.947309,15.9749
2018-12-08,14.043868,17.947309,15.9749
2018-12-09,14.043868,17.947309,15.9749
2018-12-10,14.178669,18.03738,16.1651
2018-12-11,14.360747,18.043478,16.3095
2018-12-12,14.319085,17.889772,16.2135
2018-12-13,14.102787,17.809349,16.0391
2018-12-14,14.180746,17.949432,16.115
2018-12-15,14.180746,17.949432,16.115
2018-12-16,14.180746,17.949432,16.115
2018-12-17,14.378649,18.098976,16.2565
2018-12-18,14.379736,18.144525,16.321
2018-12-19,14.332571,18.138963,16.3033
2018-12-20,14.367867,18.147039,16.365
2018-12-21,14.378459,18.218757,16.4734
2018-12-22,14.378459,18.218757,16.4734
2018-12-23,14.378459,18.218757,16.4734
2018-12-24,14.613822,18.487542,16.6203
2018-12-25,14.504647,18.448695,16.5411
2018-12-26,14.606079,18.537298,16.6743
2018-12-27,14.505853,18.347918,16.4801
2018-12-28,14.497507,18.333997,16.5721
2018-12-29,14.497507,18.333997,16.5721
2018-12-30,14.497507,18.333997,16.5721
2018-12-31,14.421591,18.305004,16.4983
2019-01-01,14.312277,18.23019,16.4491
2019-01-02,14.385884,18.351809,16.4891
2019-01-03,14.577576,18.250996,16.4989
2019-01-04,14.316127,18.081273,16.3075
2019-01-05,14.316127,18.081273,16.3075
2019-01-06,14.316127,18.081273,16.3075
2019-01-07,13.990096,17.817502,15.9627
2019-01-08,13.870645,17.736133,15.9235
2019-01-09,13.95522,17.777271,15.9871
2019-01-10,13.85331,17.734877,16.0075
2019-01-11,13.850565,17.67014,15.942
2019-01-12,13.850565,17.67014,15.942
2019-01-13,13.850565,17.67014,15.942
2019-01-14,13.862304,17.813635,15.8862
2019-01-15,13.778698,17.744191,15.8083
2019-01-16,13.72865,17.678773,15.674
2019-01-17,13.684506,17.63437,15.5976
2019-01-18,13.714298,17.812016,15.6247
2019-01-19,13.714298,17.812016,15.6247
2019-01-20,13.714298,17.812016,15.6247
2019-01-21,13.822893,17.766708,15.7111
2019-01-22,13.818454,17.814038,15.7102
2019-01-23,13.966033,18.096921,15.871
2019-01-24,13.81542,18.077674,15.733
2019-01-25,13.709891,17.990952,15.51
2019-01-26,13.709891,17.990952,15.51
2019-01-27,13.709891,17.990952,15.51
2019-01-28,13.603698,17.971872,15.5259
2019-01-29,13.657043,17.973518,15.61
2019-01-30,13.612068,17.801235,15.5654
2019-01-31,13.332173,17.496002,15.316
2019-02-01,13.250917,17.375515,15.1723
2019-02-02,13.250917,17.375515,15.1723
2019-02-03,13.250917,17.375515,15.1723
2019-02-04,13.320122,17.420025,15.2582
2019-02-05,13.415268,17.481427,15.3417
2019-02-06,13.371604,17.327655,15.257
2019-02-07,13.526219,17.498179,15.3739
2019-02-08,13.611871,17.627341,15.4345
2019-02-09,13.611871,17.627341,15.4345
2019-02-10,13.611871,17.627341,15.4345
2019-02-11,13.616832,17.616474,15.4197
2019-02-12,13.78952,17.738595,15.5532
2019-02-13,13.754036,17.734274,15.5902
2019-02-14,14.044385,18.05638,15.821
2019-02-15,14.120142,18.072181,15.9487
2019-02-16,14.120142,18.072181,15.9487
2019-02-17,14.120142,18.072181,15.9487
2019-02-18,14.076651,18.173694,15.9038
2019-02-19,14.101574,18.226348,15.9517
2019-02-20,14.033853,18.335176,15.9186
2019-02-21,14.015336,18.284236,15.9018
2019-02-22,14.013929,18.281771,15.896
2019-02-23,14.013929,18.281771,15.896
2019-02-24,14.013929,18.281771,15.896
2019-02-25,13.953183,18.232373,15.8257
2019-02-26,13.821253,18.149474,15.712
2019-02-27,13.826911,18.332364,15.753
2019-02-28,13.92645,18.54904,15.8483
2019-03-01,14.06744,18.659785,15.9989
2019-03-02,14.06744,18.659785,15.9989
2019-03-03,14.06744,18.659785,15.9989
2019-03-04,14.18372,18.779562,16.1354
2019-03-05,14.196436,18.710184,16.0945
2019-03-06,14.164146,18.637728,16.0154
2019-03-07,14.265512,18.804614,16.14
2019-03-08,14.500447,18.982464,16.2376
2019-03-09,14.500447,18.982464,16.2376
2019-03-10,14.500447,18.982464,16.2376
2019-03-11,14.418358,18.726526,16.1947
2019-03-12,14.30056,18.942353,16.101
2019-03-13,14.348454,18.746498,16.1951
2019-03-14,14.418851,19.158068,16.338
2019-03-15,14.519809,19.250791,16.419
2019-03-16,14.519809,19.250791,16.419
2019-03-17,14.519809,19.250791,16.419
2019-03-18,14.430919,19.191494,16.3358
2019-03-19,14.427841,19.135837,16.3554
2019-03-20,14.499692,19.245354,16.4644
2019-03-21,14.231712,18.793621,16.264
2019-03-22,14.207385,18.655085,16.1609
2019-03-23,14.207385,18.655085,16.1609
2019-03-24,14.207385,18.655085,16.1609
2019-03-25,14.475212,19.117503,16.3512
2019-03-26,14.308501,18.910885,16.1915
2019-03-27,14.415078,19.047228,16.253
2019-03-28,14.605137,19.211714,16.4337
2019-03-29,14.594835,19.053708,16.39
2019-03-30,14.594835,19.053708,16.39
2019-03-31,14.594835,19.053708,16.39
2019-04-01,14.33366,18.66802,16.0881
2019-04-02,14.18383,18.537905,15.8944
2019-04-03,14.209747,18.655496,15.9206
2019-04-04,14.125722,18.616358,15.8872
2019-04-05,14.104668,18.447979,15.8339
2019-04-06,14.104668,18.447979,15.8339
2019-04-07,14.104668,18.447979,15.8339
2019-04-08,14.092959,18.375712,15.8123
2019-04-09,14.117093,18.440525,15.8902
2019-04-10,14.07766,18.383519,15.8613
2019-04-11,13.902988,18.213755,15.6784
2019-04-12,14.006216,18.288961,15.7724
2019-04-13,14.006216,18.288961,15.7724
2019-04-14,14.006216,18.288961,15.7724
2019-04-15,13.962052,18.270749,15.7841
2019-04-16,14.045997,18.404033,15.879
2019-04-17,14.025698,18.302498,15.828
2019-04-18,13.968664,18.215861,15.7804
2019-04-19,14.044322,18.251446,15.7802
2019-04-20,14.044322,18.251446,15.7802
2019-04-21,14.044322,18.251446,15.7802
2019-04-22,14.073099,18.286573,15.8252
2019-04-23,14.155609,18.37634,15.9378
2019-04-24,14.261493,18.451988,16.0071
2019-04-25,14.443109,18.639667,16.1084
2019-04-26,14.414744,18.589277,16.0537
2019-04-27,14.414744,18.589277,16.0537
2019-04-28,14.414744,18.589277,16.0537
2019-04-29,14.356323,18.548436,16.0073
2019-04-30,14.316138,18.515957,16.0126
2019-05-01,14.294133,18.644377,16.0323
2019-05-02,14.444692,18.859424,16.1795
2019-05-03,14.519331,18.92883,16.2239
2019-05-04,14.519331,18.92883,16.2239
2019-05-05,14.519331,18.92883,16.2239
2019-05-06,14.450116,19.005173,16.1639
2019-05-07,14.4584,18.943041,16.1963
2019-05-08,14.435707,18.868255,16.155
2019-05-09,14.367834,18.697385,16.0891
2019-05-10,14.335056,18.655688,16.0868
2019-05-11,14.335056,18.655688,16.0868
2019-05-12,14.335056,18.655688,16.0868
2019-05-13,14.202118,18.473605,15.9575
2019-05-14,14.326004,18.573869,16.0924
2019-05-15,14.24875,18.389932,15.9643
2019-05-16,14.209869,18.256334,15.925
2019-05-17,14.278504,18.27583,15.9548
2019-05-18,14.278504,18.27583,15.9548
2019-05-19,14.278504,18.27583,15.9548
2019-05-20,14.419257,18.359106,16.0991
2019-05-21,14.371654,18.296706,16.0517
2019-05-22,14.412318,18.326693,16.1
2019-05-23,14.365576,18.19346,16.0248
2019-05-24,14.484399,18.34122,16.2008
2019-05-25,14.484399,18.34122,16.2008
2019-05-26,14.484399,18.34122,16.2008
2019-05-27,14.416771,18.346237,16.1612
2019-05-28,14.430945,18.300668,16.154
2019-05-29,14.696267,18.609386,16.4172
2019-05-30,14.641106,18.491495,16.3058
2019-05-31,14.773066,18.629093,16.4439
2019-06-01,14.773066,18.629093,16.4439
2019-06-02,14.773066,18.629093,16.4439
2019-06-03,14.60784,18.464706,16.3228
2019-06-04,14.458474,18.310811,16.26
2019-06-05,14.636485,18.595507,16.4719
2019-06-06,14.843708,18.833898,16.668
2019-06-07,15.012769,19.063056,16.9299
2019-06-08,15.012769,19.063056,16.9299
2019-06-09,15.012769,19.063056,16.9299
2019-06-10,14.921643,18.989657,16.8913
2019-06-11,14.818254,18.806122,16.7713
2019-06-12,14.664607,18.662249,16.615
2019-06-13,14.86721,18.878147,16.794
2019-06-14,14.856383,18.83768,16.758
2019-06-15,14.856383,18.83768,16.758
2019-06-16,14.856383,18.83768,16.758
2019-06-17,14.798431,18.640539,16.5994
2019-06-18,14.80784,18.573919,16.6218
2019-06-19,14.521254,18.24812,16.2609
2019-06-20,14.323901,18.129519,16.0972
2019-06-21,14.342776,18.228623,16.2016
2019-06-22,14.342776,18.228623,16.2016
2019-06-23,14.342776,18.228623,16.2016
2019-06-24,14.312868,18.251792,16.2952
2019-06-25,14.365789,18.302414,16.377
2019-06-26,14.329024,18.189237,16.2921
2019-06-27,14.230242,18.067753,16.1869
2019-06-28,14.167502,17.960874,16.1127
2019-06-29,14.167502,17.960874,16.1127
2019-06-30,14.167502,17.960874,16.1127
2019-07-01,14.06916,17.867471,15.9896
2019-07-02,14.139807,17.879901,15.9596
2019-07-03,14.076065,17.737224,15.8961
2019-07-04,14.06405,17.698439,15.8755
2019-07-05,14.04829,17.681387,15.8549
2019-07-06,14.04829,17.681387,15.8549
2019-07-07,14.04829,17.681387,15.8549
2019-07-08,14.203883,17.791699,15.9467
2019-07-09,14.177782,17.745564,15.9018
2019-07-10,14.179693,17.670225,15.8926
2019-07-11,13.984723,17.492945,15.7454
2019-07-12,13.954497,17.479239,15.7016
2019-07-13,13.954497,17.479239,15.7016
2019-07-14,13.954497,17.479239,15.7016
2019-07-15,13.968417,17.562967,15.7452
2019-07-16,13.899396,17.400511,15.6535
2019-07-17,13.95264,17.316471,15.6437
2019-07-18,14.004452,17.418319,15.727
2019-07-19,13.866365,17.393963,15.6163
2019-07-20,13.866365,17.393963,15.6163
2019-07-21,13.866365,17.393963,15.6163
2019-07-22,13.917365,17.413005,15.6125
2019-07-23,13.861057,17.291217,15.5327
2019-07-24,13.933997,17.32969,15.5378
2019-07-25,13.879645,17.329337,15.4647
2019-07-26,14.084694,17.542519,15.6988
2019-07-27,14.084694,17.542519,15.6988
2019-07-28,14.084694,17.542519,15.6988
2019-07-29,14.249461,17.640681,15.8625
2019-07-30,14.161806,17.30318,15.7805
2019-07-31,14.180857,17.247656,15.823
2019-08-01,14.337428,17.429073,15.8744
2019-08-02,14.614135,17.720258,16.191
2019-08-03,14.614135,17.720258,16.191
2019-08-04,14.614135,17.720258,16.191
2019-08-05,14.737667,17.908982,16.3706
2019-08-06,14.952953,18.182221,16.8131
2019-08-07,14.929062,18.174017,16.731
2019-08-08,15.048108,18.274333,16.8599
2019-08-09,15.044158,18.271523,16.8299
2019-08-10,15.044158,18.271523,16.8299
2019-08-11,15.044158,18.271523,16.8299
2019-08-12,15.274358,18.362652,17.1195
2019-08-13,15.289802,18.472913,17.1521
2019-08-14,15.13161,18.25429,16.9126
2019-08-15,15.415956,18.590909,17.178
2019-08-16,15.242037,18.435085,16.94
2019-08-17,15.242037,18.435085,16.94
2019-08-18,15.242037,18.435085,16.94
2019-08-19,15.286551,18.591208,16.9589
2019-08-20,15.457909,18.752189,17.132
2019-08-21,15.355019,18.677115,17.041
2019-08-22,15.19358,18.434745,16.8512
2019-08-23,15.224468,18.652371,16.8748
2019-08-24,15.224468,18.652371,16.8748
2019-08-25,15.224468,18.652371,16.8748
2019-08-26,15.345149,18.817101,17.0991
2019-08-27,15.262698,18.660758,16.9477
2019-08-28,15.328314,18.829309,16.9991
2019-08-29,15.395364,18.813161,17.0673
2019-08-30,15.317935,18.671846,16.9447
2019-08-31,15.317935,18.671846,16.9447
2019-09-01,15.317935,18.671846,16.9447
2019-09-02,15.229258,18.519748,16.74
2019-09-03,15.237032,18.394783,16.7135
2019-09-04,15.09795,18.262978,16.57
2019-09-05,14.804803,18.132186,16.3371
2019-09-06,14.872236,18.33445,16.413
2019-09-07,14.872236,18.33445,16.413
2019-09-08,14.872236,18.33445,16.413
2019-09-09,14.798022,18.179579,16.3089
2019-09-10,14.766021,18.229411,16.3135
2019-09-11,14.604887,18.106586,16.1384
2019-09-12,14.522473,17.986505,15.9936
2019-09-13,14.558058,18.069705,16.0983
2019-09-14,14.558058,18.069705,16.0983
2019-09-15,14.558058,18.069705,16.0983
2019-09-16,14.571686,18.2463,16.1498
2019-09-17,14.790114,18.329017,16.278
2019-09-18,14.589255,18.211903,16.1576
2019-09-19,14.717705,18.295132,16.2351
2019-09-20,14.842158,18.586762,16.3991
2019-09-21,14.842158,18.586762,16.3991
2019-09-22,14.842158,18.586762,16.3991
2019-09-23,14.834831,18.504075,16.3465
2019-09-24,14.880753,18.559161,16.3599
2019-09-25,14.984569,18.617909,16.5085
2019-09-26,14.947777,18.497684,16.3723
2019-09-27,15.090268,18.566231,16.4831
2019-09-28,15.090268,18.566231,16.4831
2019-09-29,15.090268,18.566231,16.4831
2019-09-30,15.130769,18.694366,16.5576
2019-10-01,15.293578,18.738759,16.67
2019-10-02,15.237952,18.728448,16.6627
2019-10-03,15.147483,18.704471,16.6077
2019-10-04,15.165923,18.691297,16.6446
2019-10-05,15.165923,18.691297,16.6446
2019-10-06,15.165923,18.691297,16.6446
2019-10-07,15.138982,18.655451,16.6332
2019-10-08,15.176814,18.651434,16.652
2019-10-09,15.168613,18.502838,16.6248
2019-10-10,15.207317,18.576765,16.7098
2019-10-11,15.022341,18.679955,16.5411
2019-10-12,15.022341,18.679955,16.5411
2019-10-13,15.022341,18.679955,16.5411
2019-10-14,14.77262,18.647517,16.2942
2019-10-15,14.809321,18.683596,16.3332
2019-10-16,14.877571,18.986238,16.4174
2019-10-17,14.937156,19.153526,16.5429
2019-10-18,14.824661,19.080856,16.4954
2019-10-19,14.824661,19.080856,16.4954
2019-10-20,14.824661,19.080856,16.4954
2019-10-21,14.758785,19.04117,16.4649
2019-10-22,14.75269,19.139367,16.4522
2019-10-23,14.586036,18.796665,16.2328
2019-10-24,14.638699,18.915612,16.2958
2019-10-25,14.681826,18.851411,16.3027
2019-10-26,14.681826,18.851411,16.3027
2019-10-27,14.681826,18.851411,16.3027
2019-10-28,14.619,18.754282,16.2037
2019-10-29,14.570682,18.73711,16.172
2019-10-30,14.615834,18.809193,16.2455
2019-10-31,14.979559,19.329246,16.7082
2019-11-01,15.100206,19.539898,16.8473
2019-11-02,15.100206,19.539898,16.8473
2019-11-03,15.100206,19.539898,16.8473
2019-11-04,14.848393,19.213441,16.5812
2019-11-05,14.765567,19.03684,16.4326
2019-11-06,14.748962,18.998488,16.333
2019-11-07,14.812195,19.044251,16.3971
2019-11-08,14.763612,18.871941,16.2695
2019-11-09,14.763612,18.871941,16.2695
2019-11-10,14.763612,18.871941,16.2695
2019-11-11,14.849936,19.003367,16.3676
2019-11-12,14.882465,19.134102,16.4228
2019-11-13,14.935162,19.195378,16.4466
2019-11-14,14.903569,19.163222,16.4133
2019-11-15,14.817877,19.089666,16.3293
2019-11-16,14.817877,19.089666,16.3293
2019-11-17,14.817877,19.089666,16.3293
2019-11-18,14.705654,19.003039,16.2571
2019-11-19,14.80672,19.176512,16.394
2019-11-20,14.762274,19.090336,16.3566
2019-11-21,14.787165,19.114106,16.3827
2019-11-22,14.672059,18.956334,16.2361
2019-11-23,14.672059,18.956334,16.2361
2019-11-24,14.672059,18.956334,16.2361
2019-11-25,14.707793,18.90218,16.2124
2019-11-26,14.760759,19.043575,16.2575
2019-11-27,14.785358,19.015167,16.2979
2019-11-28,14.768832,19.096581,16.2531
2019-11-29,14.705957,18.991674,16.1942
2019-11-30,14.705957,18.991674,16.1942
2019-12-01,14.705957,18.991674,16.1942
2019-12-02,14.64779,18.91527,16.1404
2019-12-03,14.53985,18.822973,16.1087
2019-12-04,14.624538,19.013957,16.2113
2019-12-05,14.587747,19.124202,16.1676
2019-12-06,14.63548,19.259035,16.2527
2019-12-07,14.63548,19.259035,16.2527
2019-12-08,14.63548,19.259035,16.2527
2019-12-09,14.611176,19.20202,16.1585
2019-12-10,14.666968,19.283508,16.229
2019-12-11,14.783557,19.414467,16.3994
2019-12-12,14.671336,19.371591,16.338
2019-12-13,14.422939,19.437952,16.1335
2019-12-14,14.422939,19.437952,16.1335
2019-12-15,14.422939,19.437952,16.1335
2019-12-16,14.522564,19.393637,16.1549
2019-12-17,14.379097,19.087008,16.014
2019-12-18,14.390548,18.883149,16.0469
2019-12-19,14.299208,18.715413,15.895
2019-12-20,14.221014,18.516442,15.8223
2019-12-21,14.221014,18.516442,15.8223
2019-12-22,14.221014,18.516442,15.8223
2019-12-23,14.2713,18.561568,15.8126
2019-12-24,14.207139,18.391365,15.7614
2019-12-25,14.149324,18.309918,15.6916
2019-12-26,14.150068,18.355548,15.6995
2019-12-27,14.129628,18.371164,15.6853
2019-12-28,14.129628,18.371164,15.6853
2019-12-29,14.129628,18.371164,15.6853
2019-12-30,14.049991,18.39445,15.7107
2019-12-31,14.107838,18.498888,15.8036
2020-01-01,13.975671,18.53238,15.6821
2020-01-02,13.999822,18.555634,15.7092
2020-01-03,14.087638,18.525368,15.7373
2020-01-04,14.087638,18.525368,15.7373
2020-01-05,14.087638,18.525368,15.7373
2020-01-06,14.317058,18.728114,15.9807
2020-01-07,14.20459,18.713294,15.9063
2020-01-08,14.358942,18.832922,16.0174
2020-01-09,14.160533,18.5595,15.7366
2020-01-10,14.207992,18.572353,15.7865
2020-01-11,14.207992,18.572353,15.7865
2020-01-12,14.207992,18.572353,15.7865
2020-01-13,14.328866,18.694285,15.9294
2020-01-14,14.382543,18.682375,16.0164
2020-01-15,14.404546,18.763839,16.0337
2020-01-16,14.378698,18.755701,16.038
2020-01-17,14.40763,18.851421,16.0501
2020-01-18,14.40763,18.851421,16.0501
2020-01-19,14.40763,18.851421,16.0501
2020-01-20,14.47607,18.831282,16.0612
2020-01-21,14.493467,18.85068,16.0834
2020-01-22,14.488995,18.903731,16.0625
2020-01-23,14.340123,18.85061,15.9118
2020-01-24,14.375486,18.860788,15.8921
2020-01-25,14.375486,18.860788,15.8921
2020-01-26,14.375486,18.860788,15.8921
2020-01-27,14.44898,18.874408,15.93
2020-01-28,14.591379,19.058552,16.0797
2020-01-29,14.541323,18.942212,16.0289
2020-01-30,14.59853,19.017619,16.0832
2020-01-31,14.753921,19.309481,16.2721
2020-02-01,14.753921,19.309481,16.2721
2020-02-02,14.753921,19.309481,16.2721
2020-02-03,15.001713,19.775229,16.6369
2020-02-04,14.874266,19.338818,16.4554
2020-02-05,14.775324,19.257079,16.3223
2020-02-06,14.750591,19.173677,16.2286
2020-02-07,14.90631,19.278851,16.3716
2020-02-08,14.90631,19.278851,16.3716
2020-02-09,14.90631,19.278851,16.3716
2020-02-10,15.070326,19.428353,16.5005
2020-02-11,14.960964,19.328637,16.3269
2020-02-12,14.800531,19.177287,16.1607
2020-02-13,14.864288,19.261766,16.1664
2020-02-14,14.926609,19.484174,16.1894
2020-02-15,14.926609,19.484174,16.1894
2020-02-16,14.926609,19.484174,16.1894
2020-02-17,14.880004,19.425527,16.1329
2020-02-18,14.975738,19.485896,16.2337
2020-02-19,15.008986,19.51367,16.2022
2020-02-20,14.983996,19.368289,16.1977
2020-02-21,15.112718,19.46931,16.3036
2020-02-22,15.112718,19.46931,16.3036
2020-02-23,15.112718,19.46931,16.3036
2020-02-24,15.064213,19.51488,16.3281
2020-02-25,15.123422,19.553569,16.4074
2020-02-26,15.210072,19.784365,16.5516
2020-02-27,15.272736,19.715285,16.6259
2020-02-28,15.47613,19.947375,17.0191
2020-02-29,15.47613,19.947375,17.0191
2020-03-01,15.47613,19.947375,17.0191
2020-03-02,15.758845,20.1844,17.4151
2020-03-03,15.401292,19.666781,17.1632
2020-03-04,15.397192,19.749455,17.2156
2020-03-05,15.262411,19.64729,17.0008
2020-03-06,15.593639,20.196515,17.5023
2020-03-07,15.593639,20.196515,17.5023
2020-03-08,15.593639,20.196515,17.5023
2020-03-09,16.068066,21.048205,18.2951
2020-03-10,16.047991,20.98371,18.2915
2020-03-11,15.950163,20.589483,18.0508
2020-03-12,16.252531,20.837432,18.3036
2020-03-13,16.563791,20.823424,18.5266
2020-03-14,16.563791,20.823424,18.5266
2020-03-15,16.563791,20.823424,18.5266
2020-03-16,16.241596,20.146225,18.1175
2020-03-17,16.598226,20.363337,18.5286
2020-03-18,16.527415,20.038081,18.2066
2020-03-19,17.089582,19.876499,18.7336
2020-03-20,17.354884,19.951564,18.4951
2020-03-21,17.354884,19.951564,18.4951
2020-03-22,17.354884,19.951564,18.4951
2020-03-23,17.688049,20.56267,18.9156
2020-03-24,17.751138,20.585048,19.1091
2020-03-25,17.499583,20.633923,18.9048
2020-03-26,17.274839,20.474859,18.8123
2020-03-27,17.328023,21.141911,19.144
2020-03-28,17.328023,21.141911,19.144
2020-03-29,17.328023,21.141911,19.144
2020-03-30,17.899273,22.292039,19.938
2020-03-31,17.919946,22.173772,19.7657
2020-04-01,17.821982,22.116025,19.6523
2020-04-02,18.248037,22.599096,19.9889
2020-04-03,18.475708,22.903543,20.0406
2020-04-04,18.475708,22.903543,20.0406
2020-04-05,18.475708,22.903543,20.0406
2020-04-06,19.248172,23.523126,20.8015
2020-04-07,18.562384,22.727561,20.0548
2020-04-08,18.235062,22.502095,19.8671
2020-04-09,18.200387,22.558928,19.7729
2020-04-10,18.032488,22.470179,19.7041
2020-04-11,18.032488,22.470179,19.7041
2020-04-12,18.032488,22.470179,19.7041
2020-04-13,18.024604,22.462442,19.7063
2020-04-14,18.099698,22.672362,19.7703
2020-04-15,18.293673,23.101046,20.0956
2020-04-16,18.664374,23.373335,20.3535
2020-04-17,18.660895,23.300368,20.262
2020-04-18,18.660895,23.300368,20.262
2020-04-19,18.660895,23.300368,20.262
2020-04-20,18.802337,23.480234,20.4325
2020-04-21,18.777266,23.364063,20.4015
2020-04-22,18.954679,23.314299,20.5772
2020-04-23,18.982239,23.400388,20.5198
2020-04-24,19.096131,23.595391,20.5799
2020-04-25,19.096131,23.595391,20.5799
2020-04-26,19.096131,23.595391,20.5799
2020-04-27,19.023282,23.532343,20.5908
2020-04-28,18.799538,23.356479,20.3505
2020-04-29,18.589647,23.126622,20.1456
2020-04-30,18.143514,22.628942,19.7347
2020-05-01,18.5418,23.329118,20.294
2020-05-02,18.812499,23.519387,20.871527
2020-05-03,18.812499,23.518565,20.871527
2020-05-04,18.917027,23.550306,20.71963
2020-05-05,18.484384,23.024596,20.164596
2020-05-06,18.501992,23.024105,20.056344
2020-05-07,18.661199,22.99462,20.147564
2020-05-08,18.551291,22.98117,20.112568
2020-05-09,18.35086,22.766073,20.131811
2020-05-10,18.350899,22.766122,20.131854
2020-05-11,18.265927,22.699041,19.811224
2020-05-12,18.426505,22.708251,19.923788
2020-05-13,18.366585,22.540424,19.922106
2020-05-14,18.503197,22.589148,19.999754
2020-05-15,18.445908,22.530928,19.933202
2020-05-16,18.582388,22.491558,20.109117
2020-05-17,18.582388,22.491558,20.109117
2020-05-18,18.507094,22.39104,20.022381
2020-05-19,18.3643,22.405798,20.032329
2020-05-20,18.292284,22.430331,20.01999
2020-05-21,17.98622,21.94512,19.711458
2020-05-22,17.681952,21.581642,19.315764
2020-05-23,17.613579,21.428767,19.199682
2020-05-24,17.613579,21.428767,19.199682
2020-05-25,17.573842,21.409602,19.14301
2020-05-26,17.547097,21.442556,19.160553
2020-05-27,17.432299,21.4657,19.103185
2020-05-28,17.356139,21.27351,19.113674
2020-05-29,17.47077,21.559065,19.38216
2020-05-30,17.551017,21.664092,19.490404
2020-05-31,17.551017,21.664092,19.490404
2020-06-01,17.377845,21.700367,19.345313
2020-06-02,17.164721,21.541392,19.178538
2020-06-03,16.922527,21.277405,19.008212
2020-06-04,16.889825,21.280139,19.150444
2020-06-05,16.85783,21.351283,19.034092
2020-06-06,16.857829,21.351292,19.035018
2020-06-07,16.82114,21.357286,19.010782
2020-06-08,16.671247,21.230308,18.830073
2020-06-09,16.64365,21.183449,18.872335
2020-06-10,16.501267,21.027804,18.774317
2020-06-11,17.210595,21.662824,19.445959
2020-06-12,17.09215,21.433374,19.24089
2020-06-13,17.09215,21.441243,19.237898
2020-06-14,17.144696,21.450442,19.283154
2020-06-15,17.102898,21.592252,19.377276
2020-06-16,17.237394,21.66183,19.40822
2020-06-17,17.186847,21.584338,19.326163
2020-06-18,17.455096,21.693881,19.565993
2020-06-19,17.313805,21.381738,19.355968
2020-06-20,17.313805,21.380555,19.352246
2020-06-21,17.4395,21.532627,19.498913
2020-06-22,17.314866,21.625722,19.519377
2020-06-23,17.2204,21.556501,19.473173
2020-06-24,17.407519,21.61086,19.587846
2020-06-25,17.148209,21.302221,19.244938
2020-06-26,17.26105,21.297553,19.364395
2020-06-27,17.26105,21.297553,19.364395
2020-06-28,17.289203,21.337166,19.40611
2020-06-29,17.2525,21.236197,19.407251
2020-06-30,17.3569,21.512047,19.501015
2020-07-01,17.042898,21.266131,19.177265
2020-07-02,16.969296,21.161285,19.07656
2020-07-03,17.014438,21.239589,19.1367
2020-07-04,17.014437,21.240751,19.132734
2020-07-05,17.071246,21.291992,19.197179
2020-07-06,16.984999,21.217578,19.210968
2020-07-07,17.16607,21.529056,19.352684
2020-07-08,16.946089,21.367125,19.204494
2020-07-09,16.850709,21.240235,19.019951
2020-07-10,16.773389,21.17061,18.954936
2020-07-11,16.774,21.172976,18.95462
2020-07-12,16.820467,21.256031,19.034074
2020-07-13,16.838879,21.144913,19.104196
2020-07-14,16.714202,21.012909,19.069467
2020-07-15,16.588464,20.883935,18.93112
2020-07-16,16.762175,21.045909,19.083736
2020-07-17,16.682299,20.967992,19.067034
2020-07-18,16.682299,20.963312,19.067034
2020-07-19,16.6927,20.977713,19.089404
2020-07-20,16.634841,21.057519,19.040904
2020-07-21,16.412628,20.89442,18.928192
2020-07-22,16.451419,20.950878,19.034292
2020-07-23,16.634536,21.195792,19.300337
2020-07-24,16.66552,21.3177,19.425413
2020-07-25,16.665519,21.317703,19.426162
2020-07-26,16.687162,21.348483,19.445266
2020-07-27,16.413749,21.160354,19.308527
2020-07-28,16.527448,21.366692,19.371128
2020-07-29,16.547497,21.498876,19.510144
2020-07-30,16.76418,21.956681,19.862519
2020-07-31,17.068844,22.335191,20.105067
2020-08-01,17.068844,22.335191,20.105067
2020-08-02,17.056893,22.34436,20.117923
2020-08-03,17.193572,22.482691,20.220775
2020-08-04,17.376369,22.71456,20.500935
2020-08-05,17.310982,22.721996,20.552636
2020-08-06,17.436062,22.91619,20.716396
2020-08-07,17.63767,23.017164,20.792785
2020-08-08,17.642595,23.02976,20.798591
2020-08-09,17.617134,22.979755,20.746307
2020-08-10,17.695838,23.133924,20.77778
2020-08-11,17.501798,22.853922,20.553446
2020-08-12,17.444574,22.741436,20.563489
2020-08-13,17.427985,22.778132,20.595486
2020-08-14,17.39077,22.75844,20.594932
2020-08-15,17.39077,22.758421,20.594846
2020-08-16,17.386947,22.771373,20.589397
2020-08-17,17.50605,22.937785,20.785808
2020-08-18,17.334418,22.960649,20.696775
2020-08-19,17.26803,22.651517,20.465396
2020-08-20,17.263001,22.821199,20.483327
2020-08-21,17.156589,22.454555,20.237055
2020-08-22,17.156588,22.457114,20.236195
2020-08-23,17.135206,22.445121,20.222628
2020-08-24,16.951914,22.155284,19.993748
2020-08-25,16.8443,22.147536,19.932871
2020-08-26,16.870148,22.300774,19.968604
2020-08-27,17.056696,22.510064,20.158865
2020-08-28,16.572849,22.126492,19.73006
2020-08-29,16.572849,22.126492,19.73006
2020-08-30,16.6013,22.155097,19.76999
2020-08-31,16.957395,22.663576,20.242381
2020-09-01,16.661903,22.314272,19.857939
2020-09-02,16.813801,22.453671,19.931181
2020-09-03,16.757566,22.241387,19.851817
2020-09-04,16.583008,22.020571,19.630965
2020-09-05,16.583008,22.020571,19.630965
2020-09-06,16.608153,22.008379,19.664817
2020-09-07,16.757906,22.062937,19.801376
2020-09-08,16.9815,22.015095,19.982199
2020-09-09,16.6161,21.614069,19.622268
2020-09-10,16.877956,21.631208,19.962014
2020-09-11,16.747499,21.428429,19.838418
2020-09-12,16.747499,21.428417,19.8416
2020-09-13,16.733196,21.427064,19.822177
2020-09-14,16.665244,21.416511,19.778062
2020-09-15,16.444846,21.195912,19.484067
2020-09-16,16.283864,21.124042,19.24077
2020-09-17,16.165812,20.979118,19.16048
2020-09-18,16.33565,21.101893,19.340919
2020-09-19,16.33565,21.099944,19.341981
2020-09-20,16.296643,21.075613,19.309224
2020-09-21,16.811744,21.543969,19.778462
2020-09-22,16.772905,21.3602,19.63609
2020-09-23,17.121603,21.786612,19.968258
2020-09-24,16.943775,21.601109,19.780265
2020-09-25,17.1012,21.79773,19.89032
2020-09-26,17.1012,21.795465,19.891261
2020-09-27,17.121114,21.843996,19.916307
2020-09-28,17.058188,21.914729,19.905762
2020-09-29,16.941124,21.795955,19.896961
2020-09-30,16.733207,21.629702,19.629106
2020-10-01,16.594567,21.386291,19.489904
2020-10-02,16.49106,21.328717,19.32241
2020-10-03,16.49106,21.328707,19.322657
2020-10-04,16.485129,21.317136,19.312494
2020-10-05,16.553378,21.503071,19.513155
2020-10-06,16.726606,21.538112,19.627552
2020-10-07,16.624498,21.478655,19.565272
2020-10-08,16.588622,21.460744,19.515435
2020-10-09,16.458011,21.475235,19.468675
2020-10-10,16.45801,21.475229,19.471225
2020-10-11,16.502406,21.509931,19.50086
2020-10-12,16.508874,21.569373,19.503782
2020-10-13,16.476765,21.312218,19.349917
2020-10-14,16.515075,21.483827,19.393322
2020-10-15,16.652631,21.484416,19.493154
2020-10-16,16.545707,21.368777,19.385712
2020-10-17,16.545702,21.368769,19.38329
2020-10-18,16.547405,21.375689,19.381893
2020-10-19,16.522155,21.391396,19.443966
2020-10-20,16.463293,21.319568,19.472931
2020-10-21,16.320404,21.445592,19.355183
2020-10-22,16.210095,21.204016,19.165292
2020-10-23,16.20072,21.134643,19.21454
2020-10-24,16.200721,21.134659,19.218105
2020-10-25,16.23003,21.1677,19.219764
2020-10-26,16.21005,21.099768,19.14
2020-10-27,16.206555,21.113097,19.092067
2020-10-28,16.374751,21.266103,19.23804
2020-10-29,16.399698,21.201225,19.13807
2020-10-30,16.249059,21.034409,18.971459
2020-10-31,16.249054,21.034395,18.974833
2020-11-01,16.270879,21.04318,18.946332
2020-11-02,16.208532,20.934166,18.867671
2020-11-03,16.028602,20.954617,18.798617
2020-11-04,15.851717,20.515281,18.581018
2020-11-05,15.686653,20.617877,18.546894
2020-11-06,15.58855,20.510627,18.51
2020-11-07,15.58855,20.510627,18.51039
2020-11-08,15.606797,20.544316,18.55464
2020-11-09,15.400501,20.267542,18.199989
2020-11-10,15.61743,20.724835,18.458678
2020-11-11,15.634994,20.67392,18.414364
2020-11-12,15.643331,20.521269,18.469799
2020-11-13,15.500501,20.452918,18.346083
2020-11-14,15.505915,20.460061,18.352491
2020-11-15,15.524995,20.477928,18.378101
2020-11-16,15.320943,20.216334,18.16474
2020-11-17,15.376911,20.395068,18.241614
2020-11-18,15.443775,20.491517,18.303638
2020-11-19,15.410499,20.425005,18.294636
2020-11-20,15.40933,20.472602,18.270303
2020-11-21,15.409326,20.472604,18.27053
2020-11-22,15.435439,20.525725,18.304903
2020-11-23,15.433904,20.562902,18.273141
2020-11-24,15.202022,20.309034,18.078777
2020-11-25,15.130623,20.250263,18.028546
2020-11-26,15.20515,20.309888,18.110124
2020-11-27,15.266489,20.314361,18.263301
2020-11-28,15.26649,20.314347,18.264447
2020-11-29,15.258804,20.336309,18.26105
2020-11-30,15.466697,20.615627,18.452883
2020-12-01,15.247697,20.472353,18.407798
2020-12-02,15.285667,20.440954,18.515498
2020-12-03,15.177077,20.418347,18.430784
2020-12-04,15.21415,20.447061,18.44419
2020-12-05,15.21415,20.447061,18.44419
2020-12-06,15.199145,20.396084,18.433022
2020-12-07,15.149249,20.257723,18.346468
2020-12-08,14.997867,20.037443,18.156568
2020-12-09,14.983891,20.024053,18.101604
2020-12-10,15.018305,19.974635,18.234265
2020-12-11,15.1396,20.022874,18.336327
2020-12-12,15.1396,20.022886,18.336478
2020-12-13,15.093774,20.117612,18.317548
2020-12-14,15.025165,20.027787,18.248979
2020-12-15,14.884976,20.023338,18.087702
2020-12-16,14.817103,20.007731,18.073784
2020-12-17,14.639608,19.888625,17.960105
2020-12-18,14.533,19.650784,17.812807
2020-12-19,14.533,19.652258,17.812807
2020-12-20,14.66803,19.701322,17.939807
2020-12-21,14.599703,19.638511,17.869847
2020-12-22,14.690649,19.631692,17.870337
2020-12-23,14.594921,19.706763,17.791778
2020-12-24,14.603794,19.808481,17.793701
2020-12-25,14.576518,19.794358,17.771909
2020-12-26,14.576518,19.794358,17.771909
2020-12-27,14.610014,19.796943,17.808993
2020-12-28,14.644901,19.701913,17.880077
2020-12-29,14.707204,19.859549,18.022223
2020-12-30,14.612696,19.899253,17.971234
2020-12-31,14.6624,20.073108,17.907922
2021-01-01,14.662594,20.048164,17.85291
2021-01-02,14.662593,20.048175,17.793056
2021-01-03,14.665696,20.036881,17.942145
2021-01-04,14.719061,19.981902,18.031748
2021-01-05,14.988084,20.417761,18.430562
2021-01-06,15.059815,20.498526,18.566478
2021-01-07,15.436605,20.938827,18.934416
2021-01-08,15.299654,20.755509,18.695795
2021-01-09,15.303442,20.759888,18.708458
2021-01-10,15.307156,20.756011,18.701747
2021-01-11,15.535847,20.990759,18.880327
2021-01-12,15.17141,20.728658,18.517677
2021-01-13,15.255369,20.808705,18.545571
2021-01-14,15.069982,20.627201,18.313118
2021-01-15,15.22758,20.692,18.38776
2021-01-16,15.227581,20.692003,18.394156
2021-01-17,15.21333,20.667191,18.375344
2021-01-18,15.176502,20.614574,18.329284
2021-01-19,14.988923,20.435666,18.17918
2021-01-20,14.919985,20.372123,18.068117
2021-01-21,14.954006,20.535415,18.195795
2021-01-22,15.15457,20.733871,18.449931
2021-01-23,15.15457,20.733871,18.449931
2021-01-24,15.142877,20.714924,18.425656
2021-01-25,15.21656,20.806484,18.478093
2021-01-26,15.067421,20.69502,18.324364
2021-01-27,15.258492,20.892243,18.476661
2021-01-28,15.196148,20.860558,18.42077
2021-01-29,15.166599,20.797196,18.408763
2021-01-30,15.1666,20.783542,18.408461
2021-01-31,15.191247,20.819177,18.42595
2021-02-01,15.08073,20.609735,18.190482
2021-02-02,14.965294,20.448083,18.02429
2021-02-03,14.94875,20.397599,17.989132
2021-02-04,14.999697,20.500849,17.946853
2021-02-05,14.838995,20.383579,17.879579
2021-02-06,14.84162,20.387185,17.882742
2021-02-07,14.927801,20.496563,17.978745
2021-02-08,14.865301,20.423448,17.914264
2021-02-09,14.726129,20.343668,17.847052
2021-02-10,14.741908,20.389599,17.865836
2021-02-11,14.627763,20.211463,17.747221
2021-02-12,14.54891,20.138598,17.633497
2021-02-13,14.5489,20.13859,17.633994
2021-02-14,14.547523,20.161495,17.637679
2021-02-15,14.448906,20.097648,17.525049
2021-02-16,14.680592,20.411971,17.767539
2021-02-17,14.63597,20.286315,17.628118
2021-02-18,14.587154,20.384111,17.637372
2021-02-19,14.658985,20.544564,17.763611
2021-02-20,14.658985,20.544565,17.764125
2021-02-21,14.67592,20.568881,17.793584
2021-02-22,14.676129,20.652247,17.848374
2021-02-23,14.545898,20.529057,17.672131
2021-02-24,14.490965,20.493552,17.629578
2021-02-25,14.994348,21.00957,18.267569
2021-02-26,15.115099,21.047768,18.247068
2021-02-27,15.1151,21.047781,18.2471
2021-02-28,15.087467,21.025122,18.219172
2021-03-01,14.992977,20.881686,18.066417
2021-03-02,14.938844,20.843978,18.052532
2021-03-03,15.090176,21.050471,18.203626
2021-03-04,15.29479,21.253649,18.31597
2021-03-05,15.36436,21.257087,18.308325
2021-03-06,15.36436,21.257087,18.308325
2021-03-07,15.37331,21.280253,18.324617
2021-03-08,15.5456,21.481014,18.41838
2021-03-09,15.300002,21.256463,18.210582
2021-03-10,15.086854,21.019778,17.993035
2021-03-11,14.835004,20.749733,17.776711
2021-03-12,14.948134,20.807609,17.868118
2021-03-13,14.94813,20.807614,17.867873
2021-03-14,14.946005,20.811091,17.857935
2021-03-15,14.868921,20.662181,17.730817
2021-03-16,14.884494,20.687133,17.715302
2021-03-17,14.644006,20.447492,17.541147
2021-03-18,14.727885,20.507369,17.551662
2021-03-19,14.718099,20.418303,17.582977
2021-03-20,14.718099,20.414013,17.582977
2021-03-21,14.88475,20.59934,17.68993
2021-03-22,14.738586,20.430552,17.588601
2021-03-23,14.8764,20.45207,17.624592
2021-03-24,14.960608,20.467591,17.671186
2021-03-25,15.022946,20.641644,17.687371
2021-03-26,15.024669,20.709342,17.720425
2021-03-27,15.024669,20.72053,17.720425
2021-03-28,15.008049,20.701717,17.695766
2021-03-29,14.924,20.542201,17.562041
2021-03-30,14.909554,20.485855,17.470583
2021-03-31,14.777091,20.367292,17.327514
2021-04-01,14.637717,20.254235,17.243787
2021-04-02,14.66061,20.276351,17.24161
2021-04-03,14.66061,20.276357,17.239851
2021-04-04,14.646986,20.245986,17.228605
2021-04-05,14.550604,20.243539,17.189356
2021-04-06,14.527471,20.08006,17.246462
2021-04-07,14.572772,20.015085,17.298638
2021-04-08,14.522106,19.944475,17.30261
2021-04-09,14.61083,20.029254,17.388056
2021-04-10,14.62009,20.03903,17.399369
2021-04-11,14.58935,19.997456,17.359532
2021-04-12,14.581011,20.04466,17.369921
2021-04-13,14.51485,19.962683,17.343359
2021-04-14,14.410763,19.854216,17.265564
2021-04-15,14.172114,19.531444,16.959797
2021-04-16,14.31261,19.79751,17.14987
2021-04-17,14.31297,19.800776,17.149729
2021-04-18,14.319913,19.806275,17.143084
2021-04-19,14.216856,19.888235,17.11492
2021-04-20,14.306153,19.940762,17.215438
2021-04-21,14.239887,19.833562,17.137903
2021-04-22,14.31943,19.819815,17.205225
2021-04-23,14.29128,19.834473,17.290305
2021-04-24,14.2813,19.820434,17.276303
2021-04-25,14.269918,19.797164,17.255327
2021-04-26,14.280855,19.845703,17.254886
2021-04-27,14.374733,19.98599,17.379297
2021-04-28,14.225045,19.844268,17.258322
2021-04-29,14.291464,19.927453,17.323812
2021-04-30,14.50157,20.036097,17.430162
2021-05-01,14.4952,20.028092,17.423158
2021-05-02,14.499235,20.037586,17.43823
2021-05-03,14.403131,20.025606,17.36947
2021-05-04,14.470413,20.103606,17.387287
2021-05-05,14.366074,19.977327,17.248224
2021-05-06,14.191451,19.717299,17.116252
2021-05-07,14.0593,19.666214,17.100678
2021-05-08,14.062555,19.66647,17.104637
2021-05-09,14.057484,19.72152,17.104612
2021-05-10,14.043699,19.839949,17.048349
2021-05-11,13.994404,19.791047,16.999045
2021-05-12,14.123647,19.861736,17.053823
2021-05-13,14.126774,19.842405,17.062742
2021-05-14,14.134201,19.930759,17.165167
2021-05-15,14.134195,19.930773,17.167252
2021-05-16,14.140606,19.934055,17.175222
2021-05-17,14.106975,19.944443,17.145081
2021-05-18,14.006293,19.873181,17.121083
2021-05-19,14.098888,19.890714,17.161688
2021-05-20,13.980315,19.834214,17.092431
2021-05-21,13.955,19.747022,16.99719
2021-05-22,13.955,19.747022,16.99719
2021-05-23,13.968111,19.754279,17.012405
2021-05-24,13.916824,19.701895,17.001711
2021-05-25,13.864582,19.617443,16.98898
2021-05-26,13.761899,19.428438,16.779429
2021-05-27,13.762574,19.547107,16.779784
2021-05-28,13.7839,19.55867,16.806061
2021-05-29,13.783906,19.558665,16.806096
2021-05-30,13.78205,19.551368,16.805281
2021-05-31,13.72136,19.507268,16.781498
2021-06-01,13.759863,19.471422,16.809737
2021-06-02,13.527672,19.168922,16.519317
2021-06-03,13.630201,19.230964,16.534552
2021-06-04,13.4239,19.009188,16.333208
2021-06-05,13.423901,19.009187,16.332256
2021-06-06,13.425601,19.007711,16.33019
2021-06-07,13.5248,19.17805,16.490112
2021-06-08,13.571721,19.202396,16.520205
2021-06-09,13.736775,19.385341,16.728425
2021-06-10,13.600395,19.276514,16.555557
2021-06-11,13.715901,19.349712,16.608516
2021-06-12,13.730001,19.369603,16.625589
2021-06-13,13.700352,19.336833,16.590674
2021-06-14,13.773331,19.432803,16.695343
2021-06-15,13.768495,19.386983,16.696186
2021-06-16,14.00667,19.601013,16.805203
2021-06-17,14.10645,19.654805,16.804308
2021-06-18,14.352609,19.823109,17.027218
2021-06-19,14.35261,19.8231,17.028439
2021-06-20,14.338369,19.810815,17.022799
2021-06-21,14.231004,19.823325,16.954533
2021-06-22,14.260449,19.892941,17.026905
2021-06-23,14.23892,19.886853,16.989637
2021-06-24,14.209619,19.781586,16.955074
2021-06-25,14.15299,19.648587,16.895132
2021-06-26,14.15299,19.651424,16.89315
2021-06-27,14.164755,19.674982,16.911513
2021-06-28,14.264794,19.79785,17.010867
2021-06-29,14.352776,19.86913,17.079186
2021-06-30,14.280053,19.747489,16.932958
2021-07-01,14.461,19.899353,17.130935
2021-07-02,14.25141,19.701771,16.909084
2021-07-03,14.26161,19.713115,16.921186
2021-07-04,14.274627,19.743846,16.928038
2021-07-05,14.26612,19.767549,16.925667
2021-07-06,14.373629,19.836065,16.990205
2021-07-07,14.314449,19.75943,16.888187
2021-07-08,14.324891,19.747866,16.968077
2021-07-09,14.2079,19.759211,16.875789
2021-07-10,14.179599,19.713183,16.84111
2021-07-11,14.236482,19.78725,16.906563
2021-07-12,14.404904,20.001567,17.088739
2021-07-13,14.74358,20.364763,17.365033
2021-07-14,14.476223,20.062159,17.134087
2021-07-15,14.58792,20.176298,17.234533
2021-07-16,14.457039,19.900108,17.06892
2021-07-17,14.46082,19.905317,17.071576
2021-07-18,14.403885,19.822696,17.010311
2021-07-19,14.575684,19.924455,17.190999
2021-07-20,14.622428,19.929537,17.229344
2021-07-21,14.55429,19.961203,17.16402
2021-07-22,14.711442,20.255994,17.319928
2021-07-23,14.845349,20.4079,17.475203
2021-07-24,14.840109,20.390884,17.462372
2021-07-25,14.837482,20.399295,17.461252
2021-07-26,14.786866,20.433845,17.450968
2021-07-27,14.775989,20.515803,17.476626
2021-07-28,14.76078,20.506186,17.471341
2021-07-29,14.561955,20.357831,17.320675
2021-07-30,14.601583,20.310804,17.330681
2021-07-31,14.591726,20.304029,17.330173
2021-08-01,14.614267,20.304893,17.342099
2021-08-02,14.460079,20.064818,17.168232
2021-08-03,14.321707,19.922991,17.005425
2021-08-04,14.342181,19.918156,16.967897
2021-08-05,14.513173,20.205018,17.159829
2021-08-06,14.630705,20.286416,17.208324
2021-08-07,14.630167,20.296771,17.204166
2021-08-08,14.624768,20.255367,17.192573
2021-08-09,14.816274,20.513441,17.389476
2021-08-10,14.802901,20.462289,17.341255
2021-08-11,14.653021,20.318225,17.201976
2021-08-12,14.772375,20.386033,17.33622
2021-08-13,14.716982,20.396244,17.361195
2021-08-14,14.715255,20.393645,17.368303
2021-08-15,14.723668,20.415757,17.350118
2021-08-16,14.831275,20.541168,17.476795
2021-08-17,14.907877,20.493403,17.456647
2021-08-18,14.943067,20.539729,17.49997
2021-08-19,15.206902,20.726393,17.751747
2021-08-20,15.292272,20.824391,17.881547
2021-08-21,15.239877,20.75751,17.827041
2021-08-22,15.314702,20.859046,17.895849
2021-08-23,15.120763,20.757235,17.772276
2021-08-24,15.001798,20.615219,17.6402
2021-08-25,14.960521,20.583263,17.603296
2021-08-26,14.918948,20.441032,17.548141
2021-08-27,14.710762,20.25288,17.359964
2021-08-28,14.711059,20.250685,17.369528
2021-08-29,14.709414,20.250687,17.36624
2021-08-30,14.626018,20.142724,17.262603
2021-08-31,14.524354,19.973268,17.150546
2021-09-01,14.387742,19.798567,17.02956
2021-09-02,14.442517,19.981309,17.133975
2021-09-03,14.301829,19.827297,16.994226
2021-09-04,14.311171,19.826355,16.992131
2021-09-05,14.289907,19.793432,16.970148
2021-09-06,14.236133,19.685748,16.894398
2021-09-07,14.316353,19.727882,16.943009
2021-09-08,14.184312,19.547731,16.776362
2021-09-09,14.212678,19.648438,16.799759
2021-09-10,14.207933,19.637688,16.78248
2021-09-11,14.205126,19.655819,16.777857
2021-09-12,14.190582,19.612731,16.753206
2021-09-13,14.141773,19.567362,16.698841
2021-09-14,14.316574,19.76248,16.897653
2021-09-15,14.407067,19.969047,17.023562
2021-09-16,14.578766,20.114319,17.166755
2021-09-17,14.673164,20.169812,17.211293
2021-09-18,14.678109,20.175371,17.21964
2021-09-19,14.757209,20.258304,17.304929
2021-09-20,14.783887,20.211737,17.328004
2021-09-21,14.84339,20.282868,17.391383
2021-09-22,14.826609,20.189426,17.319103
2021-09-23,14.75101,20.223999,17.314704
2021-09-24,14.944911,20.453761,17.5251
2021-09-25,14.948593,20.468734,17.519455
2021-09-26,14.959798,20.454791,17.533671
2021-09-27,14.95612,20.473444,17.496909
2021-09-28,15.101711,20.443396,17.652219
2021-09-29,15.177777,20.373756,17.612236
2021-09-30,15.052287,20.290702,17.432894
2021-10-01,14.86318,20.111452,17.227071
2021-10-02,14.859668,20.121956,17.215643
2021-10-03,14.856594,20.157351,17.240792
2021-10-04,15.038968,20.45154,17.464909
2021-10-05,14.988897,20.440204,17.39195
2021-10-06,14.982414,20.363945,17.312077
2021-10-07,14.952305,20.321636,17.269743
2021-10-08,14.976404,20.377892,17.326886
2021-10-09,14.964562,20.355645,17.310867
2021-10-10,14.926592,20.315062,17.278618
2021-10-11,15.060025,20.459437,17.396355
2021-10-12,14.972787,20.321654,17.261405
2021-10-13,14.791076,20.193646,17.146256
2021-10-14,14.768781,20.198644,17.128104
2021-10-15,14.596289,20.066639,16.938164
2021-10-16,14.603196,20.051433,16.932363
2021-10-17,14.61537,20.107281,16.948564
2021-10-18,14.670909,20.124948,17.030064
2021-10-19,14.506336,20.036549,16.891293
2021-10-20,14.407558,19.915253,16.783036
2021-10-21,14.673803,20.22706,17.047814
2021-10-22,14.845524,20.414799,17.279872
2021-10-23,14.843897,20.423197,17.28073
2021-10-24,14.825448,20.387535,17.258565
2021-10-25,14.721062,20.275373,17.093053
2021-10-26,14.836523,20.421925,17.192903
2021-10-27,15.072402,20.6778,17.472603
2021-10-28,15.120941,20.845573,17.651145
2021-10-29,15.243249,20.840555,17.623646
2021-10-30,15.239762,20.84225,17.624484
2021-10-31,15.231967,20.839994,17.598693
2021-11-01,15.440855,21.080342,17.906991
2021-11-02,15.417594,21.002053,17.853101
2021-11-03,15.268837,20.906136,17.738365
2021-11-04,15.211436,20.520222,17.562219
2021-11-05,15.034679,20.290847,17.374455
2021-11-06,15.035657,20.283906,17.360944
2021-11-07,15.104832,20.371921,17.46107
2021-11-08,14.896156,20.218589,17.264724
2021-11-09,15.035509,20.363757,17.420764
2021-11-10,15.426671,20.677926,17.708593
2021-11-11,15.320903,20.468641,17.532993
2021-11-12,15.347122,20.575241,17.561683
2021-11-13,15.310318,20.542325,17.510113
2021-11-14,15.313562,20.538966,17.531374
2021-11-15,15.23838,20.427999,17.336688
2021-11-16,15.40161,20.672191,17.431399
2021-11-17,15.484586,20.886492,17.540312
2021-11-18,15.625557,21.100816,17.770622
2021-11-19,15.711522,21.119658,17.747587
2021-11-20,15.719919,21.107804,17.748548
2021-11-21,15.710477,21.137435,17.729968
2021-11-22,15.845269,21.216528,17.799663
2021-11-23,15.831509,21.16802,17.804639
2021-11-24,15.885396,21.172623,17.793683
2021-11-25,16.029492,21.361034,17.956223
2021-11-26,16.260193,21.689134,18.411965
2021-11-27,16.271972,21.717388,18.409452
2021-11-28,16.230929,21.622465,18.341311
2021-11-29,16.131503,21.465272,18.207498
2021-11-30,15.904197,21.122802,18.02565
2021-12-01,16.034945,21.278234,18.155678
2021-12-02,15.937523,21.194668,17.995786
2021-12-03,16.069313,21.261557,18.172066
2021-12-04,16.136656,21.347197,18.242771
2021-12-05,16.064564,21.267249,18.175295
2021-12-06,15.902853,21.074443,17.930012
2021-12-07,15.866758,21.004246,17.887322
2021-12-08,15.715052,20.750778,17.824193
2021-12-09,15.943157,21.068181,18.005543
2021-12-10,15.990294,21.202756,18.1034
2021-12-11,15.982112,21.20432,18.086615
2021-12-12,15.960568,21.162395,18.039867
2021-12-13,16.017783,21.151868,18.071664
2021-12-14,16.110777,21.305692,18.131818
2021-12-15,15.995261,21.213938,18.056619
2021-12-16,15.932108,21.234892,18.042924
2021-12-17,15.914093,21.069372,17.882335
2021-12-18,15.915596,21.070524,17.896125
2021-12-19,15.905054,21.058049,17.887777
2021-12-20,15.774918,20.817756,17.79398
2021-12-21,15.837798,21.018713,17.870941
2021-12-22,15.71902,20.992923,17.796152
2021-12-23,15.650105,20.983666,17.732282
2021-12-24,15.553113,20.82195,17.610968
2021-12-25,15.560903,20.819339,17.611107
2021-12-26,15.552126,20.824901,17.606264
2021-12-27,15.53147,20.873133,17.594429
2021-12-28,15.730377,21.134113,17.790326
2021-12-29,15.921102,21.4782,18.073243
2021-12-30,15.921991,21.505741,18.03774
2021-12-31,15.94621,21.566816,18.135418
2022-01-01,15.948554,21.553684,18.130248
2022-01-02,15.954915,21.590497,18.157782
2022-01-03,15.8713,21.400279,17.924986
2022-01-04,16.009941,21.65393,18.063262
2022-01-05,15.874581,21.504565,17.950582
2022-01-06,15.722946,21.267824,17.767385
2022-01-07,15.584614,21.172524,17.699036
2022-01-08,15.58241,21.173831,17.699181
2022-01-09,15.600071,21.211723,17.724485
2022-01-10,15.671644,21.286048,17.75622
2022-01-11,15.52471,21.170206,17.653979
2022-01-12,15.306351,20.966931,17.509439
2022-01-13,15.409637,21.121618,17.665292
2022-01-14,15.362001,21.010285,17.536015
2022-01-15,15.361945,21.006035,17.532824
2022-01-16,15.328648,20.962744,17.50441
2022-01-17,15.389354,20.999995,17.545001
2022-01-18,15.5189,21.106376,17.573555
2022-01-19,15.326243,20.852732,17.368977
2022-01-20,15.221973,20.685539,17.223016
2022-01-21,15.10414,20.463264,17.124995
2022-01-22,15.103437,20.454199,17.116586
2022-01-23,15.095287,20.451556,17.114605
2022-01-24,15.238455,20.558521,17.271929
2022-01-25,15.242457,20.581199,17.230269
2022-01-26,15.313212,20.606114,17.212933
2022-01-27,15.446483,20.688341,17.224054
2022-01-28,15.589425,20.872702,17.375954
2022-01-29,15.587446,20.886881,17.373669
2022-01-30,15.598032,20.893079,17.383511
2022-01-31,15.375845,20.672836,17.270078
2022-02-01,15.274671,20.650958,17.206188
2022-02-02,15.332708,20.795006,17.333121
2022-02-03,15.252634,20.746849,17.454801
2022-02-04,15.450155,20.9037,17.689079
2022-02-05,15.449661,20.904456,17.692544
2022-02-06,15.440618,20.889881,17.696314
2022-02-07,15.505195,20.998268,17.74208
2022-02-08,15.348526,20.790092,17.514151
2022-02-09,15.205886,20.573902,17.363996
2022-02-10,15.158957,20.548653,17.334017
2022-02-11,15.209829,20.653204,17.267785
2022-02-12,15.208913,20.624946,17.262258
2022-02-13,15.217357,20.623766,17.260277
2022-02-14,15.229918,20.63065,17.22443
2022-02-15,15.094266,20.445133,17.153109
2022-02-16,14.987506,20.338499,17.056513
2022-02-17,14.993525,20.395768,17.03505
2022-02-18,15.113491,20.535402,17.10305
2022-02-19,15.114616,20.543224,17.10224
2022-02-20,15.136162,20.574522,17.139474
2022-02-21,15.145644,20.617334,17.135172
2022-02-22,15.05346,20.432616,17.056049
2022-02-23,15.118332,20.450187,17.090083
2022-02-24,15.354402,20.535606,17.191753
2022-02-25,15.129493,20.284576,17.059552
2022-02-26,15.145811,20.280367,17.06958
2022-02-27,15.340778,20.446982,17.09813
2022-02-28,15.34927,20.600685,17.232352
2022-03-01,15.403492,20.517807,17.120317
2022-03-02,15.324919,20.529831,17.034052
2022-03-03,15.191157,20.275518,16.805153
2022-03-04,15.421331,20.376411,16.847473
2022-03-05,15.451716,20.44532,16.879839
2022-03-06,15.363946,20.321028,16.773184
2022-03-07,15.359412,20.121221,16.665419
2022-03-08,15.271125,20.00341,16.641792
2022-03-09,14.997828,19.755525,16.597771
2022-03-10,15.038189,19.670423,16.529838
2022-03-11,15.031284,19.583796,16.404989
2022-03-12,15.034806,19.591517,16.400224
2022-03-13,15.025438,19.607734,16.424052
2022-03-14,15.122327,19.661432,16.545125
2022-03-15,15.094133,19.659328,16.535184
2022-03-16,14.918591,19.595375,16.440642
2022-03-17,14.922794,19.605686,16.540776
2022-03-18,14.893954,19.652228,16.493248
2022-03-19,14.893408,19.648718,16.480679
2022-03-20,14.954691,19.671474,16.511602
2022-03-21,14.933061,19.655967,16.4548
2022-03-22,14.815256,19.672963,16.338704
2022-03-23,14.75733,19.459138,16.226544
2022-03-24,14.52058,19.152219,15.984667
2022-03-25,14.533757,19.139716,15.950162
2022-03-26,14.558597,19.203733,15.992076
2022-03-27,14.531002,19.14049,15.95082
2022-03-28,14.646167,19.182599,16.095248
2022-03-29,14.525433,19.021014,16.109449
2022-03-30,14.494126,19.063865,16.174162
2022-03-31,14.604356,19.188554,16.160375
2022-04-01,14.576606,19.098299,16.103281
2022-04-02,14.649778,19.231153,16.187791
2022-04-03,14.656632,19.205363,16.189027
2022-04-04,14.585688,19.117973,15.991952
2022-04-05,14.69278,19.212684,16.033518
2022-04-06,14.654674,19.148216,15.976956
2022-04-07,14.726766,19.255975,16.030686
2022-04-08,14.646158,19.10372,15.929995
2022-04-09,14.640546,19.097442,15.93012
2022-04-10,14.623499,19.072167,15.925969
2022-04-11,14.606264,19.018282,15.881483
2022-04-12,14.525376,18.870338,15.729633
2022-04-13,14.554024,19.09406,15.841905
2022-04-14,14.672177,19.17717,15.879279
2022-04-15,14.638143,19.110869,15.831785
2022-04-16,14.644813,19.103875,15.832356
2022-04-17,14.654336,19.145321,15.858463
2022-04-18,14.66112,19.073005,15.806085
2022-04-19,14.966731,19.472613,16.142939
2022-04-20,15.037243,19.667424,16.311384
2022-04-21,15.372347,20.019268,16.657011
2022-04-22,15.565748,19.994176,16.800326
2022-04-23,15.633021,20.083147,16.860883
2022-04-24,15.58477,20.003045,16.845743
2022-04-25,15.679366,19.966991,16.802427
2022-04-26,15.843382,19.926029,16.860195
2022-04-27,15.855345,19.866291,16.724667
2022-04-28,15.968831,19.91926,16.770225
2022-04-29,15.808501,19.858933,16.664563
2022-04-30,15.811767,19.862865,16.66782
2022-05-01,15.792943,19.851725,16.646837
2022-05-02,16.119303,20.146796,16.93306
2022-05-03,15.715759,19.641412,16.537533
2022-05-04,15.4417,19.483032,16.391997
2022-05-05,15.991028,19.771525,16.867349
2022-05-06,16.035057,19.797219,16.919982
2022-05-07,16.060171,19.821974,16.947104
2022-05-08,16.013994,19.753907,16.87149
2022-05-09,16.195834,19.971135,17.096147
2022-05-10,16.036031,19.741741,16.895036
2022-05-11,16.055446,19.662718,16.897004
2022-05-12,16.101719,19.637248,16.703791
2022-05-13,16.151695,19.809773,16.821942
2022-05-14,16.160402,19.801444,16.8227
2022-05-15,16.128776,19.775104,16.795637
2022-05-16,16.164092,19.92691,16.874155
2022-05-17,15.904386,19.854527,16.782297
2022-05-18,16.058179,19.815585,16.8057
2022-05-19,15.838559,19.75061,16.758932
2022-05-20,15.8281,19.771259,16.730513
2022-05-21,15.826068,19.764786,16.7192
2022-05-22,15.828152,19.80031,16.755047
2022-05-23,15.763275,19.813469,16.832219
2022-05-24,15.683048,19.668548,16.83988
2022-05-25,15.716242,19.77571,16.801079
2022-05-26,15.715689,19.803424,16.858214
2022-05-27,15.5916,19.678464,16.732888
2022-05-28,15.585587,19.672203,16.722935
2022-05-29,15.590545,19.679865,16.722182
2022-05-30,15.479051,19.580273,16.693094
2022-05-31,15.593628,19.671978,16.734631
2022-06-01,15.591051,19.460046,16.602573
2022-06-02,15.452014,19.436102,16.609775
2022-06-03,15.532311,19.397235,16.65392
2022-06-04,15.538612,19.410304,16.65035
2022-06-05,15.540853,19.429537,16.675322
2022-06-06,15.423456,19.302464,16.486039
2022-06-07,15.377537,19.361575,16.469111
2022-06-08,15.288539,19.170415,16.380629
2022-06-09,15.503429,19.3601,16.453474
2022-06-10,15.867903,19.548532,16.693406
2022-06-11,15.845893,19.51472,16.674568
2022-06-12,15.867017,19.509403,16.675061
2022-06-13,16.120766,19.561291,16.77842
2022-06-14,16.0387,19.237022,16.72122
2022-06-15,15.800457,19.196709,16.498744
2022-06-16,15.997752,19.73191,16.874627
2022-06-17,16.017276,19.574868,16.819419
2022-06-18,16.018944,19.579025,16.810618
2022-06-19,15.99396,19.552638,16.776468
2022-06-20,16.028035,19.650081,16.861303
2022-06-21,15.917925,19.545197,16.775463
2022-06-22,15.901646,19.502645,16.808307
2022-06-23,15.990646,19.614213,16.828767
2022-06-24,15.784933,19.353425,16.67499
2022-06-25,15.792059,19.371736,16.673522
2022-06-26,15.779912,19.388322,16.681319
2022-06-27,15.855967,19.432203,16.768169
2022-06-28,16.065342,19.577678,16.90543
2022-06-29,16.241708,19.699682,16.950434
2022-06-30,16.278778,19.797366,17.048433
2022-07-01,16.437731,19.895721,17.147485
2022-07-02,16.442928,19.890933,17.141699
2022-07-03,16.333593,19.765338,17.055137
2022-07-04,16.341201,19.791995,17.037823
2022-07-05,16.524586,19.75436,16.973881
2022-07-06,16.793782,20.021701,17.110024
2022-07-07,16.743121,20.139039,17.02192
2022-07-08,16.772475,20.170217,17.092626
2022-07-09,16.807395,20.212947,17.120274
2022-07-10,16.841862,20.255189,17.146404
2022-07-11,17.070003,20.284415,17.124184
2022-07-12,17.018877,20.218919,17.081192
2022-07-13,16.928116,20.092901,17.006591
2022-07-14,17.164525,20.2929,17.19205
2022-07-15,17.075651,20.248282,17.222165
2022-07-16,17.064715,20.234613,17.203831
2022-07-17,17.060279,20.261803,17.195162
2022-07-18,17.113047,20.445846,17.356244
2022-07-19,17.099455,20.52849,17.511813
2022-07-20,17.128324,20.510529,17.435527
2022-07-21,17.059927,20.442462,17.4342
2022-07-22,16.829995,20.18267,17.187794
2022-07-23,16.841608,20.209866,17.192058
2022-07-24,16.826393,20.192027,17.173856
2022-07-25,16.805516,20.237407,17.178943
2022-07-26,16.913409,20.365209,17.133304
2022-07-27,16.675605,20.276479,17.019434
2022-07-28,16.507828,20.117425,16.830006
2022-07-29,16.591632,20.201204,16.973675
2022-07-30,16.596561,20.204755,16.966908
2022-07-31,16.573456,20.194142,16.93105
2022-08-01,16.479597,20.183647,16.896102
2022-08-02,16.819821,20.44078,17.095435
2022-08-03,16.773991,20.352474,17.043624
2022-08-04,16.606007,20.188831,17.025192
2022-08-05,16.763019,20.242242,17.088157
2022-08-06,16.775222,20.243475,17.088331
2022-08-07,16.778473,20.221666,17.071773
2022-08-08,16.656511,20.101515,16.964081
2022-08-09,16.594428,20.041118,16.940671
2022-08-10,16.204153,19.793726,16.688567
2022-08-11,16.261786,19.845614,16.777991
2022-08-12,16.158276,19.617015,16.587785
2022-08-13,16.165895,19.621566,16.584975
2022-08-14,16.222245,19.667008,16.633708
2022-08-15,16.440739,19.807877,16.704395
2022-08-16,16.37532,19.807015,16.649513
2022-08-17,16.651668,20.055897,16.954168
2022-08-18,16.855495,20.106024,17.008866
2022-08-19,16.981036,20.100804,17.062431
2022-08-20,17.004716,20.128625,17.06926
2022-08-21,16.999949,20.090027,17.068683
2022-08-22,16.996116,19.994655,16.891042
2022-08-23,16.999111,20.12102,16.946244
2022-08-24,16.948498,19.991505,16.890149
2022-08-25,16.731815,19.800352,16.693575
2022-08-26,16.877419,19.81182,16.824414
2022-08-27,16.865141,19.837528,16.816386
2022-08-28,16.882654,19.782753,16.795554
2022-08-29,16.849507,19.735783,16.860221
2022-08-30,16.962477,19.756169,16.993996
2022-08-31,17.109305,19.868695,17.180155
2022-09-01,17.257355,19.925418,17.166088
2022-09-02,17.293607,19.908576,17.212764
2022-09-03,17.295343,19.912294,17.210043
2022-09-04,17.303741,19.858609,17.158617
2022-09-05,17.192685,19.836767,17.084442
2022-09-06,17.288613,19.901222,17.107785
2022-09-07,17.245107,19.903258,17.268539
2022-09-08,17.506081,20.135899,17.506011
2022-09-09,17.296922,20.061847,17.550002
2022-09-10,17.305435,20.041109,17.554976
2022-09-11,17.281778,20.073827,17.396738
2022-09-12,17.106057,19.983978,17.316355
2022-09-13,17.436416,20.019057,17.385677
2022-09-14,17.476205,20.166518,17.450557
2022-09-15,17.576466,20.12948,17.550135
2022-09-16,17.560523,20.059654,17.593901
2022-09-17,17.603944,20.104256,17.62966
2022-09-18,17.630593,20.149872,17.677889
2022-09-19,17.668848,20.213073,17.714731
2022-09-20,17.708976,20.131461,17.655484
2022-09-21,17.716855,19.967348,17.440677
2022-09-22,17.606674,19.795239,17.298716
2022-09-23,17.942242,19.475074,17.398532
2022-09-24,17.913074,19.453635,17.367685
2022-09-25,17.943812,19.472962,17.417343
2022-09-26,18.05571,19.318056,17.346965
2022-09-27,18.020485,19.291114,17.274335
2022-09-28,17.830974,19.36748,17.340403
2022-09-29,17.997352,20.055375,17.66966
2022-09-30,18.089039,20.162968,17.729036
2022-10-01,18.08237,20.169056,17.731311
2022-10-02,18.064694,20.153923,17.700694
2022-10-03,17.830974,20.187038,17.524946
2022-10-04,17.622552,20.197482,17.587955
2022-10-05,17.800804,20.164068,17.603736
2022-10-06,17.968209,20.059794,17.596331
2022-10-07,18.027082,20.001868,17.555056
2022-10-08,18.104474,20.079849,17.655448
2022-10-09,18.110446,20.042757,17.609234
2022-10-10,18.084025,20.021138,17.568669
2022-10-11,18.182887,19.966513,17.64387
2022-10-12,18.263083,20.264418,17.742782
2022-10-13,18.228623,20.673929,17.839802
2022-10-14,18.34659,20.508937,17.839631
2022-10-15,18.360034,20.506303,17.837387
2022-10-16,18.263011,20.530277,17.778459
2022-10-17,18.063826,20.506966,17.767926
2022-10-18,18.097133,20.506072,17.861598
2022-10-19,18.277416,20.503968,17.850191
2022-10-20,18.301535,20.5428,17.901744
2022-10-21,18.078179,20.448472,17.823138
2022-10-22,18.068838,20.431133,17.822957
2022-10-23,18.057971,20.473516,17.779379
2022-10-24,18.396051,20.824784,18.198833
2022-10-25,18.215433,20.87446,18.139759
2022-10-26,17.926479,20.809097,18.064799
2022-10-27,17.971201,20.793304,17.916925
2022-10-28,18.111781,21.044825,18.070944
2022-10-29,18.115659,21.042268,18.06023
2022-10-30,18.106362,21.029133,18.038699
2022-10-31,18.325246,21.016456,18.115014
2022-11-01,18.218916,20.908762,17.993297
2022-11-02,18.270964,20.778153,17.927004
2022-11-03,18.405534,20.551455,17.94619
2022-11-04,17.901845,20.365776,17.856504
2022-11-05,17.898086,20.361457,17.863814
2022-11-06,17.987562,20.377649,17.872669
2022-11-07,17.738806,20.412238,17.765203
2022-11-08,17.711177,20.434775,17.836896
2022-11-09,17.756012,20.145659,17.78623
2022-11-10,17.357351,20.309954,17.708974
2022-11-11,17.2378,20.348611,17.863887
2022-11-12,17.234919,20.413304,17.849798
2022-11-13,17.302257,20.377158,17.856926
2022-11-14,17.286423,20.331272,17.838978
2022-11-15,17.286759,20.531744,17.895683
2022-11-16,17.269672,20.567877,17.935893
2022-11-17,17.368669,20.603176,18.000296
2022-11-18,17.240668,20.491062,17.840763
2022-11-19,17.247338,20.511278,17.853802
2022-11-20,17.225612,20.474073,17.797553
2022-11-21,17.329906,20.484053,17.749612
2022-11-22,17.281201,20.517005,17.788771
2022-11-23,16.959117,20.43875,17.635412
2022-11-24,17.020235,20.609177,17.7155
2022-11-25,17.100702,20.66759,17.801322
2022-11-26,17.092948,20.649561,17.790712
2022-11-27,17.15881,20.702018,17.803584
2022-11-28,17.148222,20.484251,17.726236
2022-11-29,17.153553,20.503402,17.710281
2022-11-30,17.233553,20.785257,17.930808
2022-12-01,17.566569,21.539714,18.476375
2022-12-02,17.515962,21.529548,18.461642
2022-12-03,17.545893,21.564118,18.484256
2022-12-04,17.363919,21.328201,18.295849
2022-12-05,17.479378,21.299133,18.346345
2022-12-06,17.312373,21.003226,18.130424
2022-12-07,17.140741,20.927873,18.017466
2022-12-08,17.156364,20.988263,18.107835
2022-12-09,17.338008,21.279968,18.299008
2022-12-10,17.35279,21.261209,18.281546
2022-12-11,17.322062,21.223812,18.238079
2022-12-12,17.557308,21.543154,18.50274
2022-12-13,17.233982,21.304854,18.31889
2022-12-14,17.163685,21.348994,18.3421
2022-12-15,17.493299,21.335413,18.606424
2022-12-16,17.621348,21.403013,18.689991
2022-12-17,17.633243,21.404589,18.67531
2022-12-18,17.602249,21.405376,18.636639
2022-12-19,17.105035,20.78894,18.138724
2022-12-20,17.325616,21.096253,18.389106
2022-12-21,17.176695,20.754337,18.217981
2022-12-22,17.155514,20.671538,18.187054
2022-12-23,17.000383,20.500471,18.135915
2022-12-24,17.003718,20.50449,18.134651
2022-12-25,17.001359,20.532571,18.039454
2022-12-26,17.020917,20.531767,18.114619
2022-12-27,17.213824,20.681705,18.316987
2022-12-28,17.124141,20.586085,18.175556
2022-12-29,16.929117,20.411581,18.052035
2022-12-30,17.009498,20.580753,18.239007
2022-12-31,17.008138,20.568304,18.25615
2023-01-01,16.977769,20.531333,18.143188
2023-01-02,16.994576,20.497186,18.14455
2023-01-03,17.013762,20.370867,17.943792
2023-01-04,16.876577,20.336442,17.910938
2023-01-05,17.156995,20.437814,18.050669
2023-01-06,17.102471,20.661389,18.237267
2023-01-07,17.106487,20.675084,18.234905
2023-01-08,17.126076,20.70119,18.214532
2023-01-09,16.961307,20.67242,18.207123
2023-01-10,17.003894,20.656581,18.251511
2023-01-11,16.91932,20.53968,18.211421
2023-01-12,16.737339,20.436126,18.155526
2023-01-13,16.793283,20.551496,18.220269
2023-01-14,16.80905,20.53271,18.218558
2023-01-15,16.880516,20.625168,18.272459
2023-01-16,17.07196,20.817524,18.466782
2023-01-17,17.063211,20.9588,18.413699
2023-01-18,17.108752,21.103512,18.444737
2023-01-19,17.256019,21.388397,18.69081
2023-01-20,17.093531,21.199484,18.564851
2023-01-21,17.1033,21.189286,18.608465
2023-01-22,17.109129,21.240305,18.600388
2023-01-23,17.175657,21.257029,18.676575
2023-01-24,17.191356,21.181759,18.713118
2023-01-25,17.122959,21.220363,18.679923
2023-01-26,17.185014,21.313647,18.710789
2023-01-27,17.194945,21.277052,18.682458
2023-01-28,17.192424,21.292903,18.6875
2023-01-29,17.202943,21.323587,18.692551
2023-01-30,17.394423,21.483104,18.859567
2023-01-31,17.435214,21.450595,18.921621
2023-02-01,17.034282,21.06821,18.708
2023-02-02,17.047788,20.855361,18.596368
2023-02-03,17.445329,21.045391,18.856585
2023-02-04,17.46183,21.035146,18.87268
2023-02-05,17.466106,21.027882,18.844817
2023-02-06,17.660979,21.204907,18.946274
2023-02-07,17.536437,21.115812,18.813424
2023-02-08,17.746295,21.398183,19.009201
2023-02-09,17.752936,21.534165,19.066647
2023-02-10,17.89491,21.605366,19.128972
2023-02-11,17.922991,21.616044,19.144559
2023-02-12,17.920282,21.592332,19.136735
2023-02-13,17.857531,21.665642,19.152625
2023-02-14,17.894423,21.780593,19.209245
2023-02-15,18.036174,21.703553,19.279158
2023-02-16,18.144357,21.759987,19.364511
2023-02-17,18.039154,21.732055,19.342428
2023-02-18,18.038579,21.714058,19.327362
2023-02-19,18.077486,21.753754,19.317588
2023-02-20,18.053401,21.743217,19.293735
2023-02-21,18.258353,22.114166,19.444646
2023-02-22,18.217883,21.94145,19.324604
2023-02-23,18.197714,21.875835,19.294654
2023-02-24,18.410211,22.007389,19.429179
2023-02-25,18.412975,21.992343,19.474294
2023-02-26,18.405227,21.987011,19.412686
2023-02-27,18.403787,22.179927,19.51518
2023-02-28,18.330632,22.059196,19.399832
2023-03-01,18.11303,21.783513,19.335318
2023-03-02,18.073053,21.590558,19.153656
2023-03-03,18.140419,21.826982,19.298993
2023-03-04,18.139945,21.820003,19.296602
2023-03-05,18.145115,21.830726,19.277923
2023-03-06,18.234863,21.928426,19.483488
2023-03-07,18.588767,21.98181,19.618603
2023-03-08,18.604708,22.020784,19.604933
2023-03-09,18.553459,22.100258,19.632772
2023-03-10,18.30223,22.019854,19.519164
2023-03-11,18.304681,22.026966,19.489788
2023-03-12,18.292507,22.088006,19.545746
2023-03-13,18.198092,22.167365,19.525725
2023-03-14,18.139937,22.036305,19.460599
2023-03-15,18.40716,22.200056,19.479005
2023-03-16,18.386253,22.229177,19.50181
2023-03-17,18.45236,22.4528,19.830344
2023-03-18,18.76276,22.868297,20.230936
2023-03-19,18.308849,22.283729,19.530859
2023-03-20,18.500143,22.724316,19.839696
2023-03-21,18.544241,22.66114,19.96437
2023-03-22,18.213644,22.341103,19.775073
2023-03-23,18.102811,22.216234,19.593063
2023-03-24,18.154591,22.203139,19.578486
2023-03-25,18.161286,22.220681,19.571841
2023-03-26,18.170969,22.251083,19.58125
2023-03-27,18.31449,22.500922,19.766776
2023-03-28,18.155007,22.384771,19.67464
2023-03-29,18.11136,22.280547,19.632483
2023-03-30,17.824131,22.060303,19.42614
2023-03-31,17.784091,21.966112,19.324068
2023-04-01,17.777932,21.970354,19.325497
2023-04-02,17.795242,21.893015,19.2509
2023-04-03,17.677386,21.944067,19.271039
2023-04-04,17.910065,22.412902,19.631551
2023-04-05,18.053369,22.50404,19.693531
2023-04-06,18.225872,22.652216,19.897358
2023-04-07,18.207837,22.631203,20.035697
2023-04-08,18.231958,22.648941,20.049501
2023-04-09,18.230369,22.646071,19.886443
2023-04-10,18.59221,23.033476,20.20212
2023-04-11,18.365124,22.857777,20.056947
2023-04-12,18.409589,23.012681,20.242901
2023-04-13,18.044554,22.590723,19.93664
2023-04-14,18.087888,22.449317,20.08023
2023-04-15,18.010601,22.373734,20.002783
2023-04-16,18.090904,22.432716,19.87774
2023-04-17,18.303905,22.634804,19.992583
2023-04-18,18.171441,22.566919,19.923336
2023-04-19,18.198813,22.619848,19.925955
2023-04-20,18.021996,22.417882,19.769849
2023-04-21,18.071354,22.486979,20.059259
2023-04-22,18.066349,22.48432,20.06067
2023-04-23,18.084896,22.504152,19.885908
2023-04-24,18.157936,22.671782,20.062532
2023-04-25,18.312469,22.734537,20.104881
2023-04-26,18.352607,22.889202,20.268372
2023-04-27,18.277429,22.825911,20.163304
2023-04-28,18.346154,23.05776,20.404296
2023-04-29,18.332677,23.05868,20.4084
2023-04-30,18.289965,22.956367,20.127502
2023-05-01,18.392696,22.996085,20.179966
2023-05-02,18.451148,23.023258,20.318841
2023-05-03,18.295596,22.990569,20.25767
2023-05-04,18.299319,23.017208,20.157238
2023-05-05,18.395946,23.260997,20.511114
2023-05-06,18.409618,23.245739,20.635812
2023-05-07,18.393877,23.2382,20.276671
2023-05-08,18.317108,23.095777,20.154506
2023-05-09,18.599901,23.489928,20.412529
2023-05-10,18.846178,23.797427,20.70924
2023-05-11,19.162455,24.010228,20.921076
2023-05-12,19.306807,24.0252,21.121552
2023-05-13,19.32253,24.065051,21.128739
2023-05-14,19.196051,23.875284,20.816369
2023-05-15,19.003016,23.817744,20.682569
2023-05-16,19.089172,23.817129,20.724423
2023-05-17,19.23659,24.041217,20.854001
2023-05-18,19.328335,23.997816,20.839988
2023-05-19,19.445192,24.21294,21.034088
2023-05-20,19.443889,24.197333,21.024823
2023-05-21,19.416954,24.177601,20.998814
2023-05-22,19.249242,23.958284,20.823228
2023-05-23,19.187972,23.835764,20.664146
2023-05-24,19.214029,23.757856,20.680079
2023-05-25,19.797967,24.400345,21.228148
2023-05-26,19.651367,24.264147,21.080087
2023-05-27,19.645453,24.261755,21.084924
2023-05-28,19.642583,24.24994,21.046532
2023-05-29,19.649393,24.279751,21.042349
2023-05-30,19.685778,24.402777,21.123934
2023-05-31,19.709272,24.532275,21.074836
2023-06-01,19.619311,24.601339,21.130179
2023-06-02,19.511785,24.300947,20.891178
2023-06-03,19.507369,24.281251,20.881766
2023-06-04,19.497299,24.247254,20.858698
2023-06-05,19.271283,23.936317,20.633977
2023-06-06,19.191827,23.864161,20.533357
2023-06-07,19.09033,23.741012,20.414331
2023-06-08,18.845985,23.645973,20.325356
2023-06-09,18.680748,23.48086,20.088415
2023-06-10,18.707522,23.529189,20.122147
2023-06-11,18.747,23.573658,20.127126
2023-06-12,18.563923,23.21215,19.979019
2023-06-13,18.608736,23.453034,20.086005
2023-06-14,18.353091,23.22058,19.871699
2023-06-15,18.230224,23.329342,19.96081
2023-06-16,18.171391,23.323345,19.915121
2023-06-17,18.167417,23.331532,19.913214
2023-06-18,18.203123,23.334214,19.906112
2023-06-19,18.223929,23.363178,19.927623
